CREATE DATABASE  IF NOT EXISTS `JUMPER` /*!40100 DEFAULT CHARACTER SET utf8 */ /*!80016 DEFAULT ENCRYPTION='N' */;
USE `JUMPER`;
-- MySQL dump 10.13  Distrib 8.0.22, for Win64 (x86_64)
--
-- Host: localhost    Database: JUMPER
-- ------------------------------------------------------
-- Server version	8.0.25

/*!40101 SET @OLD_CHARACTER_SET_CLIENT=@@CHARACTER_SET_CLIENT */;
/*!40101 SET @OLD_CHARACTER_SET_RESULTS=@@CHARACTER_SET_RESULTS */;
/*!40101 SET @OLD_COLLATION_CONNECTION=@@COLLATION_CONNECTION */;
/*!50503 SET NAMES utf8 */;
/*!40103 SET @OLD_TIME_ZONE=@@TIME_ZONE */;
/*!40103 SET TIME_ZONE='+00:00' */;
/*!40014 SET @OLD_UNIQUE_CHECKS=@@UNIQUE_CHECKS, UNIQUE_CHECKS=0 */;
/*!40014 SET @OLD_FOREIGN_KEY_CHECKS=@@FOREIGN_KEY_CHECKS, FOREIGN_KEY_CHECKS=0 */;
/*!40101 SET @OLD_SQL_MODE=@@SQL_MODE, SQL_MODE='NO_AUTO_VALUE_ON_ZERO' */;
/*!40111 SET @OLD_SQL_NOTES=@@SQL_NOTES, SQL_NOTES=0 */;

--
-- Table structure for table `comment`
--

DROP TABLE IF EXISTS `comment`;
/*!40101 SET @saved_cs_client     = @@character_set_client */;
/*!50503 SET character_set_client = utf8mb4 */;
CREATE TABLE `comment` (
  `ID` int NOT NULL AUTO_INCREMENT,
  `member_ID` int NOT NULL,
  `product_ID` int NOT NULL,
  `star` int NOT NULL,
  `content` varchar(256) NOT NULL COMMENT '評價內容',
  `create_at` varchar(25) NOT NULL,
  `deleted_at` varchar(45) DEFAULT '',
  PRIMARY KEY (`ID`),
  KEY `FK_PRODUCT_APPRAISE_MEMBER_ID_idx` (`member_ID`),
  KEY `FK_PRODUCT_APPRAISE_PRODUCT_ID_idx` (`product_ID`),
  CONSTRAINT `FK_COMMENT_MEMBER_ID` FOREIGN KEY (`member_ID`) REFERENCES `member` (`ID`),
  CONSTRAINT `FK_COMMENT_PRODUCT_ID` FOREIGN KEY (`product_ID`) REFERENCES `product_info` (`ID`)
) ENGINE=InnoDB AUTO_INCREMENT=194 DEFAULT CHARSET=utf8mb3 COMMENT='產品評價';
/*!40101 SET character_set_client = @saved_cs_client */;

--
-- Dumping data for table `comment`
--

LOCK TABLES `comment` WRITE;
/*!40000 ALTER TABLE `comment` DISABLE KEYS */;
INSERT INTO `comment` VALUES (1,2,1,3,'行程安排非常充實！','1630375200',''),(2,8,1,4,'很適合一家大小的線上旅行～','1630375200',''),(3,1,1,5,'導遊很幽默！','1630375200',''),(4,10,1,5,'非常棒的導遊！很喜歡他帶的活動、非常充實！','1630375200',''),(5,24,1,5,'很棒的旅程～下次還會想再參加','1630375200',''),(6,25,2,5,'這是一個非常美好､有趣和開心的旅遊','1630375200',''),(7,10,2,5,'這是一次超讚的體驗！導遊非常和藹可親,讓我們對旅程留下很棒的印象！','1630375200',''),(8,13,2,4,'我學到了很多,也很享受這次的旅程','1630375200',''),(9,28,2,5,'真是太喜歡這次旅遊了！一定會推薦給朋友來參加~','1630375200',''),(10,22,2,4,'很開心這次能來參加超厲害導遊所舉辦的活動~','1630375200',''),(11,30,3,5,'令人愉快的導遊~','1630375200',''),(12,20,3,4,'內容非常豐富，也很有趣一切都很完美！','1630375200',''),(13,5,3,5,'等不及再參加一次這次的旅遊了~','1630375200',''),(14,4,3,5,'這是一次令人非常愉快的活動，有機會的話還會再參加一次~100%推薦！！！','1630375200',''),(15,19,3,4,'我喜歡這種經歷，希望總有一天能親自到那個地方去旅遊~','1630375200',''),(16,24,4,5,'透過獨特的線上旅遊方式，和家人一起聆聽專業解說，導遊講解的很精彩，覺得很棒','1630375200',''),(17,17,4,5,'行程安排非常充實！','1630375200',''),(18,6,4,5,'很適合一家大小的線上旅行～','1630375200',''),(19,27,5,5,'導遊很幽默！','1630375200',''),(20,2,5,5,'非常棒的導遊！很喜歡他帶的活動、非常充實！','1630375200',''),(21,12,5,5,'很棒的旅程～下次還會想再參加','1630375200',''),(22,18,5,5,'這是一個非常美好､有趣和開心的旅遊','1630375200',''),(23,20,6,4,'這是一次超讚的體驗！導遊非常和藹可親,讓我們對旅程留下很棒的印象！','1630375200',''),(24,3,6,4,'我學到了很多,也很享受這次的旅程','1630375200',''),(25,9,6,4,'真是太喜歡這次旅遊了！一定會推薦給朋友來參加~','1630375200',''),(26,17,6,5,'很開心這次能來參加超厲害導遊所舉辦的活動~','1630375200',''),(27,24,7,4,'令人愉快的導遊~','1630375200',''),(28,20,7,5,'內容非常豐富，也很有趣一切都很完美！','1630375200',''),(29,26,7,5,'等不及再參加一次這次的旅遊了~','1630375200',''),(30,3,7,5,'這是一次令人非常愉快的活動，有機會的話還會再參加一次~100%推薦！！！','1630375200',''),(31,17,7,4,'我喜歡這種經歷，希望總有一天能親自到那個地方去旅遊~','1630375200',''),(32,14,8,5,'透過獨特的線上旅遊方式，和家人一起聆聽專業解說，導遊講解的很精彩，覺得很棒','1630375200',''),(33,18,8,5,'行程安排非常充實！','1630375200',''),(34,20,8,5,'很適合一家大小的線上旅行～','1630375200',''),(35,5,8,5,'導遊很幽默！','1630375200',''),(36,22,8,5,'非常棒的導遊！很喜歡他帶的活動、非常充實！','1630375200',''),(37,30,9,4,'很棒的旅程～下次還會想再參加','1630375200',''),(38,29,9,5,'這是一個非常美好､有趣和開心的旅遊','1630375200',''),(39,25,9,5,'這是一次超讚的體驗！導遊非常和藹可親,讓我們對旅程留下很棒的印象！','1630375200',''),(40,8,9,4,'我學到了很多,也很享受這次的旅程','1630375200',''),(41,10,9,5,'真是太喜歡這次旅遊了！一定會推薦給朋友來參加~','1630375200',''),(42,3,9,5,'很開心這次能來參加超厲害導遊所舉辦的活動~','1630375200',''),(43,29,10,4,'令人愉快的導遊~','1630375200',''),(44,18,10,5,'內容非常豐富，也很有趣一切都很完美！','1630375200',''),(45,12,10,5,'等不及再參加一次這次的旅遊了~','1630375200',''),(46,21,10,4,'這是一次令人非常愉快的活動，有機會的話還會再參加一次~100%推薦！！！','1630375200',''),(47,11,10,5,'我喜歡這種經歷，希望總有一天能親自到那個地方去旅遊~','1630375200',''),(48,23,10,5,'透過獨特的線上旅遊方式，和家人一起聆聽專業解說，導遊講解的很精彩，覺得很棒','1630375200',''),(49,24,11,5,'行程安排非常充實！','1630375200',''),(50,8,11,4,'很適合一家大小的線上旅行～','1630375200',''),(51,9,11,5,'導遊很幽默！','1630375200',''),(52,27,12,5,'非常棒的導遊！很喜歡他帶的活動、非常充實！','1630375200',''),(53,30,12,5,'很棒的旅程～下次還會想再參加','1630375200',''),(54,28,12,4,'這是一個非常美好､有趣和開心的旅遊','1630375200',''),(55,6,12,4,'這是一次超讚的體驗！導遊非常和藹可親,讓我們對旅程留下很棒的印象！','1630375200',''),(56,3,12,3,'我學到了很多,也很享受這次的旅程','1630375200',''),(57,2,12,5,'真是太喜歡這次旅遊了！一定會推薦給朋友來參加~','1630375200',''),(58,9,13,5,'很開心這次能來參加超厲害導遊所舉辦的活動~','1630375200',''),(59,11,13,5,'令人愉快的導遊~','1630375200',''),(60,24,13,5,'內容非常豐富，也很有趣一切都很完美！','1630375200',''),(61,27,13,5,'等不及再參加一次這次的旅遊了~','1630375200',''),(62,26,13,5,'這是一次令人非常愉快的活動，有機會的話還會再參加一次~100%推薦！！！','1630375200',''),(63,22,14,4,'我喜歡這種經歷，希望總有一天能親自到那個地方去旅遊~','1630375200',''),(64,15,14,4,'透過獨特的線上旅遊方式，和家人一起聆聽專業解說，導遊講解的很精彩，覺得很棒','1630375200',''),(65,12,14,4,'行程安排非常充實！','1630375200',''),(66,8,14,5,'很適合一家大小的線上旅行～','1630375200',''),(67,9,15,5,'導遊很幽默！','1630375200',''),(68,21,15,3,'非常棒的導遊！很喜歡他帶的活動、非常充實！','1630375200',''),(69,22,15,5,'很棒的旅程～下次還會想再參加','1630375200',''),(70,16,15,5,'這是一個非常美好､有趣和開心的旅遊','1630375200',''),(71,10,15,5,'這是一次超讚的體驗！導遊非常和藹可親,讓我們對旅程留下很棒的印象！','1630375200',''),(72,9,16,5,'我學到了很多,也很享受這次的旅程','1630375200',''),(73,26,16,5,'真是太喜歡這次旅遊了！一定會推薦給朋友來參加~','1630375200',''),(74,21,16,4,'很開心這次能來參加超厲害導遊所舉辦的活動~','1630375200',''),(75,12,16,5,'令人愉快的導遊~','1630375200',''),(76,29,17,5,'內容非常豐富，也很有趣一切都很完美！','1630375200',''),(77,30,17,4,'等不及再參加一次這次的旅遊了~','1630375200',''),(78,20,17,5,'這是一次令人非常愉快的活動，有機會的話還會再參加一次~100%推薦！！！','1630375200',''),(79,1,17,5,'我喜歡這種經歷，希望總有一天能親自到那個地方去旅遊~','1630375200',''),(80,22,17,5,'透過獨特的線上旅遊方式，和家人一起聆聽專業解說，導遊講解的很精彩，覺得很棒','1630375200',''),(81,23,18,5,'行程安排非常充實！','1630375200',''),(82,4,18,5,'很適合一家大小的線上旅行～','1630375200',''),(83,5,18,5,'導遊很幽默！','1630375200',''),(84,6,18,5,'非常棒的導遊！很喜歡他帶的活動、非常充實！','1630375200',''),(85,27,19,4,'很棒的旅程～下次還會想再參加','1630375200',''),(86,28,19,4,'這是一個非常美好､有趣和開心的旅遊','1630375200',''),(87,21,19,5,'這是一次超讚的體驗！導遊非常和藹可親,讓我們對旅程留下很棒的印象！','1630375200',''),(88,13,19,5,'我學到了很多,也很享受這次的旅程','1630375200',''),(89,10,19,5,'真是太喜歡這次旅遊了！一定會推薦給朋友來參加~','1630375200',''),(90,21,20,5,'很開心這次能來參加超厲害導遊所舉辦的活動~','1630375200',''),(91,22,20,4,'令人愉快的導遊~','1630375200',''),(92,23,20,4,'內容非常豐富，也很有趣一切都很完美！','1630375200',''),(93,24,20,5,'等不及再參加一次這次的旅遊了~','1630375200',''),(94,25,20,5,'這是一次令人非常愉快的活動，有機會的話還會再參加一次~100%推薦！！！','1630375200',''),(95,26,20,5,'我喜歡這種經歷，希望總有一天能親自到那個地方去旅遊~','1630375200',''),(96,27,21,5,'透過獨特的線上旅遊方式，和家人一起聆聽專業解說，導遊講解的很精彩，覺得很棒','1630375200',''),(97,28,21,4,'行程安排非常充實！','1630375200',''),(98,29,21,5,'很適合一家大小的線上旅行～','1630375200',''),(99,30,21,5,'導遊很幽默！','1630375200',''),(100,20,21,5,'非常棒的導遊！很喜歡他帶的活動、非常充實！','1630375200',''),(101,21,22,4,'很棒的旅程～下次還會想再參加','1630375200',''),(102,22,22,5,'這是一個非常美好､有趣和開心的旅遊','1630375200',''),(103,23,22,5,'這是一次超讚的體驗！導遊非常和藹可親,讓我們對旅程留下很棒的印象！','1630375200',''),(104,24,22,4,'我學到了很多,也很享受這次的旅程','1630375200',''),(105,25,23,5,'真是太喜歡這次旅遊了！一定會推薦給朋友來參加~','1630375200',''),(106,26,23,5,'很開心這次能來參加超厲害導遊所舉辦的活動~','1630375200',''),(107,27,23,5,'令人愉快的導遊~','1630375200',''),(108,28,23,5,'內容非常豐富，也很有趣一切都很完美！','1630375200',''),(109,29,23,5,'等不及再參加一次這次的旅遊了~','1630375200',''),(110,30,24,5,'這是一次令人非常愉快的活動，有機會的話還會再參加一次~100%推薦！！！','1630375200',''),(111,20,24,5,'我喜歡這種經歷，希望總有一天能親自到那個地方去旅遊~','1630375200',''),(112,21,24,4,'透過獨特的線上旅遊方式，和家人一起聆聽專業解說，導遊講解的很精彩，覺得很棒','1630375200',''),(113,22,24,5,'行程安排非常充實！','1630375200',''),(114,23,24,5,'很適合一家大小的線上旅行～','1630375200',''),(115,24,24,5,'導遊很幽默！','1630375200',''),(116,25,25,5,'非常棒的導遊！很喜歡他帶的活動、非常充實！','1630375200',''),(117,26,25,4,'很棒的旅程～下次還會想再參加','1630375200',''),(118,27,25,5,'這是一個非常美好､有趣和開心的旅遊','1630375200',''),(119,28,25,5,'這是一次超讚的體驗！導遊非常和藹可親,讓我們對旅程留下很棒的印象！','1630375200',''),(120,29,26,5,'我學到了很多,也很享受這次的旅程','1630375200',''),(121,30,26,5,'真是太喜歡這次旅遊了！一定會推薦給朋友來參加~','1630375200',''),(122,20,26,5,'很開心這次能來參加超厲害導遊所舉辦的活動~','1630375200',''),(123,21,27,5,'令人愉快的導遊~','1630375200',''),(124,22,27,5,'內容非常豐富，也很有趣一切都很完美！','1630375200',''),(125,23,27,5,'等不及再參加一次這次的旅遊了~','1630375200',''),(126,24,27,4,'這是一次令人非常愉快的活動，有機會的話還會再參加一次~100%推薦！！！','1630375200',''),(127,25,27,4,'我喜歡這種經歷，希望總有一天能親自到那個地方去旅遊~','1630375200',''),(128,26,28,5,'透過獨特的線上旅遊方式，和家人一起聆聽專業解說，導遊講解的很精彩，覺得很棒','1630375200',''),(129,27,28,5,'行程安排非常充實！','1630375200',''),(130,28,28,4,'很適合一家大小的線上旅行～','1630375200',''),(131,29,28,5,'導遊很幽默！','1630375200',''),(132,30,29,5,'非常棒的導遊！很喜歡他帶的活動、非常充實！','1630375200',''),(133,20,29,5,'很棒的旅程～下次還會想再參加','1630375200',''),(134,21,29,5,'這是一個非常美好､有趣和開心的旅遊','1630375200',''),(135,22,29,4,'這是一次超讚的體驗！導遊非常和藹可親,讓我們對旅程留下很棒的印象！','1630375200',''),(136,23,30,5,'我學到了很多,也很享受這次的旅程','1630375200',''),(137,24,30,4,'真是太喜歡這次旅遊了！一定會推薦給朋友來參加~','1630375200',''),(138,25,30,5,'很開心這次能來參加超厲害導遊所舉辦的活動~','1630375200',''),(139,26,30,3,'令人愉快的導遊~','1630375200',''),(140,27,31,5,'內容非常豐富，也很有趣一切都很完美！','1630375200',''),(141,28,31,5,'等不及再參加一次這次的旅遊了~','1630375200',''),(142,29,31,5,'這是一次令人非常愉快的活動，有機會的話還會再參加一次~100%推薦！！！','1630375200',''),(143,30,31,4,'我喜歡這種經歷，希望總有一天能親自到那個地方去旅遊~','1630375200',''),(144,20,31,5,'透過獨特的線上旅遊方式，和家人一起聆聽專業解說，導遊講解的很精彩，覺得很棒','1630375200',''),(145,21,31,5,'行程安排非常充實！','1630375200',''),(146,22,32,5,'很適合一家大小的線上旅行～','1630375200',''),(147,23,32,4,'導遊很幽默！','1630375200',''),(148,24,32,5,'非常棒的導遊！很喜歡他帶的活動、非常充實！','1630375200',''),(149,25,32,5,'很棒的旅程～下次還會想再參加','1630375200',''),(150,26,32,4,'這是一個非常美好､有趣和開心的旅遊','1630375200',''),(151,27,32,5,'這是一次超讚的體驗！導遊非常和藹可親,讓我們對旅程留下很棒的印象！','1630375200',''),(152,28,32,5,'我學到了很多,也很享受這次的旅程','1630375200',''),(153,29,33,5,'真是太喜歡這次旅遊了！一定會推薦給朋友來參加~','1630375200',''),(154,30,33,5,'很開心這次能來參加超厲害導遊所舉辦的活動~','1630375200',''),(155,20,33,5,'令人愉快的導遊~','1630375200',''),(156,21,33,4,'內容非常豐富，也很有趣一切都很完美！','1630375200',''),(157,22,33,5,'等不及再參加一次這次的旅遊了~','1630375200',''),(158,23,34,5,'這是一次令人非常愉快的活動，有機會的話還會再參加一次~100%推薦！！！','1630375200',''),(159,24,34,5,'我喜歡這種經歷，希望總有一天能親自到那個地方去旅遊~','1630375200',''),(160,25,34,4,'透過獨特的線上旅遊方式，和家人一起聆聽專業解說，導遊講解的很精彩，覺得很棒','1630375200',''),(161,26,34,5,'行程安排非常充實！','1630375200',''),(162,27,35,5,'很適合一家大小的線上旅行～','1630375200',''),(163,28,35,4,'導遊很幽默！','1630375200',''),(164,29,35,5,'非常棒的導遊！很喜歡他帶的活動、非常充實！','1630375200',''),(165,30,35,5,'很棒的旅程～下次還會想再參加','1630375200',''),(166,20,35,4,'這是一個非常美好､有趣和開心的旅遊','1630375200',''),(167,21,36,5,'這是一次超讚的體驗！導遊非常和藹可親,讓我們對旅程留下很棒的印象！','1630375200',''),(168,22,36,5,'我學到了很多,也很享受這次的旅程','1630375200',''),(169,23,36,5,'真是太喜歡這次旅遊了！一定會推薦給朋友來參加~','1630375200',''),(170,24,36,5,'很開心這次能來參加超厲害導遊所舉辦的活動~','1630375200',''),(171,25,36,5,'令人愉快的導遊~','1630375200',''),(172,26,36,4,'內容非常豐富，也很有趣一切都很完美！','1630375200',''),(173,27,36,5,'等不及再參加一次這次的旅遊了~','1630375200',''),(174,28,36,5,'這是一次令人非常愉快的活動，有機會的話還會再參加一次~100%推薦！！！','1630375200',''),(175,29,37,5,'我喜歡這種經歷，希望總有一天能親自到那個地方去旅遊~','1630375200',''),(176,30,37,4,'透過獨特的線上旅遊方式，和家人一起聆聽專業解說，導遊講解的很精彩，覺得很棒','1630375200',''),(177,20,37,5,'行程安排非常充實！','1630375200',''),(178,21,37,5,'很適合一家大小的線上旅行～','1630375200',''),(179,22,38,4,'導遊很幽默！','1630375200',''),(180,23,38,5,'非常棒的導遊！很喜歡他帶的活動、非常充實！','1630375200',''),(181,24,38,5,'很棒的旅程～下次還會想再參加','1630375200',''),(182,25,38,5,'這是一個非常美好､有趣和開心的旅遊','1630375200',''),(183,26,38,5,'這是一次超讚的體驗！導遊非常和藹可親,讓我們對旅程留下很棒的印象！','1630375200',''),(184,27,39,4,'我學到了很多,也很享受這次的旅程','1630375200',''),(185,28,39,4,'真是太喜歡這次旅遊了！一定會推薦給朋友來參加~','1630375200',''),(186,29,39,5,'很開心這次能來參加超厲害導遊所舉辦的活動~','1630375200',''),(187,30,39,4,'令人愉快的導遊~','1630375200',''),(188,20,40,5,'內容非常豐富，也很有趣一切都很完美！','1630375200',''),(189,21,40,5,'等不及再參加一次這次的旅遊了~','1630375200',''),(190,22,40,4,'這是一次令人非常愉快的活動，有機會的話還會再參加一次~100%推薦！！！','1630375200',''),(191,23,40,5,'我喜歡這種經歷，希望總有一天能親自到那個地方去旅遊~','1630375200',''),(192,24,40,5,'透過獨特的線上旅遊方式，和家人一起聆聽專業解說，導遊講解的很精彩，覺得很棒','1630375200',''),(193,25,40,4,'真是太喜歡這次旅遊了！一定會推薦給朋友來參加~','1630375200','');
/*!40000 ALTER TABLE `comment` ENABLE KEYS */;
UNLOCK TABLES;

--
-- Table structure for table `coupon`
--

DROP TABLE IF EXISTS `coupon`;
/*!40101 SET @saved_cs_client     = @@character_set_client */;
/*!50503 SET character_set_client = utf8mb4 */;
CREATE TABLE `coupon` (
  `ID` int NOT NULL AUTO_INCREMENT,
  `source` int NOT NULL COMMENT '優惠券來源',
  `code` varchar(45) NOT NULL COMMENT '優惠碼',
  `content` varchar(45) NOT NULL COMMENT '優惠碼內容',
  `off_percent` int NOT NULL COMMENT '折扣比例',
  `expired_at` varchar(25) NOT NULL COMMENT '使用期限',
  `is_edit` bit(1) NOT NULL,
  `deleted_at` varchar(45) NOT NULL DEFAULT '',
  PRIMARY KEY (`ID`)
) ENGINE=InnoDB AUTO_INCREMENT=4 DEFAULT CHARSET=utf8mb3 COMMENT='優惠券';
/*!40101 SET character_set_client = @saved_cs_client */;

--
-- Dumping data for table `coupon`
--

LOCK TABLES `coupon` WRITE;
/*!40000 ALTER TABLE `coupon` DISABLE KEYS */;
INSERT INTO `coupon` VALUES (1,1,'summerlove','這夏有禮了',9,'1640966399',_binary '\0',''),(2,2,'jumper','跳轉世界玩翻天 75 折優惠',75,'1640966399',_binary '\0',''),(3,1,'lovego','旅遊 5 折優惠',5,'1640966399',_binary '\0','');
/*!40000 ALTER TABLE `coupon` ENABLE KEYS */;
UNLOCK TABLES;

--
-- Table structure for table `coupon_record`
--

DROP TABLE IF EXISTS `coupon_record`;
/*!40101 SET @saved_cs_client     = @@character_set_client */;
/*!50503 SET character_set_client = utf8mb4 */;
CREATE TABLE `coupon_record` (
  `ID` int NOT NULL AUTO_INCREMENT,
  `member_ID` int NOT NULL COMMENT '會員ID',
  `coupon_record_ID` int NOT NULL COMMENT '優惠券ID\\\\\\\\\\\\\\\\\\\\\\\\\\\\\\\\\\\\\\\\\\\\\\\\\\\\\\\\\\\\\\\\n',
  `is_used` int NOT NULL COMMENT '使用狀態',
  PRIMARY KEY (`ID`),
  KEY `FK_DISCOUNT_LOG_DISCOUNT_ID_idx` (`coupon_record_ID`),
  KEY `FK_COUNPON_RECORD_MEMBER_ID_idx` (`member_ID`),
  CONSTRAINT `FK_COUNPON_RECORD_MEMBER_ID` FOREIGN KEY (`member_ID`) REFERENCES `member` (`ID`),
  CONSTRAINT `FK_COUPON_RECORD_COUPON_ID` FOREIGN KEY (`coupon_record_ID`) REFERENCES `coupon` (`ID`)
) ENGINE=InnoDB AUTO_INCREMENT=8 DEFAULT CHARSET=utf8mb3 COMMENT='優惠券紀錄';
/*!40101 SET character_set_client = @saved_cs_client */;

--
-- Dumping data for table `coupon_record`
--

LOCK TABLES `coupon_record` WRITE;
/*!40000 ALTER TABLE `coupon_record` DISABLE KEYS */;
INSERT INTO `coupon_record` VALUES (1,1,2,0),(2,2,2,0),(3,3,2,0),(4,4,2,0),(5,5,2,0),(6,6,2,0),(7,7,2,0);
/*!40000 ALTER TABLE `coupon_record` ENABLE KEYS */;
UNLOCK TABLES;

--
-- Table structure for table `faq`
--

DROP TABLE IF EXISTS `faq`;
/*!40101 SET @saved_cs_client     = @@character_set_client */;
/*!50503 SET character_set_client = utf8mb4 */;
CREATE TABLE `faq` (
  `ID` int NOT NULL AUTO_INCREMENT,
  `name` varchar(45) NOT NULL,
  `email` varchar(45) NOT NULL,
  `content` varchar(1000) NOT NULL,
  `is_replied` int DEFAULT NULL,
  `faq_at` varchar(45) NOT NULL,
  PRIMARY KEY (`ID`)
) ENGINE=InnoDB DEFAULT CHARSET=utf8mb3 COMMENT='訪客問題';
/*!40101 SET character_set_client = @saved_cs_client */;

--
-- Dumping data for table `faq`
--

LOCK TABLES `faq` WRITE;
/*!40000 ALTER TABLE `faq` DISABLE KEYS */;
/*!40000 ALTER TABLE `faq` ENABLE KEYS */;
UNLOCK TABLES;

--
-- Table structure for table `fav`
--

DROP TABLE IF EXISTS `fav`;
/*!40101 SET @saved_cs_client     = @@character_set_client */;
/*!50503 SET character_set_client = utf8mb4 */;
CREATE TABLE `fav` (
  `ID` int NOT NULL AUTO_INCREMENT,
  `member_ID` int NOT NULL,
  `product_info_ID` int NOT NULL,
  PRIMARY KEY (`ID`),
  KEY `FK_LOVE_MEMBER_ID_idx` (`member_ID`),
  KEY `FK_LOVE_PRODUCT_ID_idx` (`product_info_ID`),
  CONSTRAINT `FK_FAV_MEMBER_ID` FOREIGN KEY (`member_ID`) REFERENCES `member` (`ID`),
  CONSTRAINT `FK_FAV_PRODUCT_ID` FOREIGN KEY (`product_info_ID`) REFERENCES `product_info` (`ID`)
) ENGINE=InnoDB AUTO_INCREMENT=16 DEFAULT CHARSET=utf8mb3 COMMENT='我的最愛';
/*!40101 SET character_set_client = @saved_cs_client */;

--
-- Dumping data for table `fav`
--

LOCK TABLES `fav` WRITE;
/*!40000 ALTER TABLE `fav` DISABLE KEYS */;
INSERT INTO `fav` VALUES (1,1,1),(2,1,2),(3,1,3),(4,1,4),(5,1,5),(6,1,6),(7,7,7),(8,1,8),(9,2,1),(10,3,1),(11,1,16),(12,12,1),(13,13,1),(14,14,1),(15,15,1);
/*!40000 ALTER TABLE `fav` ENABLE KEYS */;
UNLOCK TABLES;

--
-- Table structure for table `member`
--

DROP TABLE IF EXISTS `member`;
/*!40101 SET @saved_cs_client     = @@character_set_client */;
/*!50503 SET character_set_client = utf8mb4 */;
CREATE TABLE `member` (
  `ID` int NOT NULL AUTO_INCREMENT,
  `name` varchar(45) DEFAULT NULL,
  `username` varchar(45) NOT NULL,
  `password` varchar(45) NOT NULL,
  `birthday` date DEFAULT NULL,
  `phone` char(10) DEFAULT NULL,
  `avatar` varchar(45) DEFAULT NULL,
  `level` int NOT NULL,
  `account_status` int NOT NULL COMMENT '會員狀態',
  `created_at` varchar(45) NOT NULL,
  `gender` varchar(1) DEFAULT NULL,
  `email` varchar(45) NOT NULL,
  PRIMARY KEY (`ID`)
) ENGINE=InnoDB AUTO_INCREMENT=31 DEFAULT CHARSET=utf8mb3 COMMENT='會員';
/*!40101 SET character_set_client = @saved_cs_client */;

--
-- Dumping data for table `member`
--

LOCK TABLES `member` WRITE;
/*!40000 ALTER TABLE `member` DISABLE KEYS */;
INSERT INTO `member` VALUES (1,'劉柏','abei','111111','1988-01-01','0917479111','./images/avatar/avatar1.jpg',2,1,'19990101','0','abei@gmail.com'),(2,'孫小美','mei','111111','1992-12-06','0917479112','./images/avatar/avatar2.jpg',2,1,'20001212','1','mei@gmail.com'),(3,'宮本寶藏','jp123','111111','1988-01-01','0917479113','./images/avatar/avatar3.jpg',2,1,'20020103','0','jp123@gmail.com'),(4,'Sala','sala','111111','1988-01-01','0917479114','./images/avatar/avatar4.jpg',2,1,'20210405','1','sala@gmail.com'),(5,'May','madam','111111','1988-01-01','0917479115','./images/avatar/avatar5.jpg',2,1,'19961211','1','madam@gmail.com'),(6,'Wu','wumi','111111','1988-01-01','0917479116','./images/avatar/avatar6.jpg',2,1,'19870704','0','wumi@gmail.com'),(7,'詹姆士','james','111111','1988-01-01','0917479117','./images/avatar/avatar7.jpg',2,1,'20000121','0','james@gmail.com'),(8,'唐聖','candy','111111','1988-01-01','0917479117','./images/avatar/avatar8.jpg',2,1,'19990101','0','candy@gmail.com'),(9,'Chris','nijia','111111','1988-01-01','0917479117','./images/avatar/avatar9.jpg',2,1,'19990101','0','nijia@gmail.com'),(10,'Kim ','kai','111111','1988-01-01','0917479117','./images/avatar/avatar10.jpg',2,1,'19990101','0','kai@gmail.com'),(11,'愛麗絲','alice','111111','1988-01-01','0917479117','./images/avatar/avatar11.jpg',2,1,'19990101','1','alice@gmail.com'),(12,'Dora','ddr','111111','1988-01-01','0917479117','./images/avatar/avatar12.jpg',2,1,'19990101','1','ddr@gmail.com'),(13,'Kiki Li','kiki','111111','1988-01-01','0917479117','./images/avatar/avatar13.jpg',2,1,'19990101','1','kiki@gmail.com'),(14,'史密斯','smith','111111','1988-01-01','0917479117','./images/avatar/avatar14.jpg',2,1,'19990101','0','smith@gmail.com'),(15,'Wade','wed','111111','1988-01-01','0917479117','./images/avatar/avatar15.jpg',2,1,'19990101','0','wed@gmail.com'),(16,'白歆玲','white','111111','1988-01-01','0917479118','./images/avatar/avatar16.jpg',2,1,'19990101','1','white@gmail.com'),(17,'Alan','alan','111111','1988-01-01','0917479119','./images/avatar/avatar17.jpg',2,1,'19990101','0','alan@gmail.com'),(18,'王俊','wang','111111','1988-01-01','0917479120','./images/avatar/avatar18.jpg',2,1,'19990101','0','wang@gmail.com'),(19,'Amanda','amanda','111111','1988-01-01','0917479121','./images/avatar/avatar19.jpg',1,1,'19990101','1','amanda@gmail.com'),(20,'Ming','ming','111111','1988-01-01','0917479122','./images/avatar/avatar20.jpg',1,1,'20001212','1','ming@gmail.com'),(21,'姚若曦','yao','111111','1988-01-01','0917479123','./images/avatar/avatar21.jpg',1,1,'20020103','1','yao@gmail.com'),(22,'張子維','chang','111111','1988-01-01','0917479124','./images/avatar/avatar22.jpg',1,1,'20210405','0','chang@gmail.com'),(23,'Lily','lily','111111','1988-01-01','0917479125','./images/avatar/avatar23.jpg',1,1,'19961211','1','lily1234@gmail.com'),(24,'Frank','frank','111111','1988-01-01','0917479126','./images/avatar/avatar24.jpg',1,1,'19870704','0','frank@gmail.com'),(25,'Kevin','kevin','111111','1988-01-01','0917479127','./images/avatar/avatar25.jpg',1,1,'20000121','0','kevin@gmail.com'),(26,'JOI','joi','111111','1988-01-01','0917479128','./images/avatar/avatar26.jpg',1,1,'20210405','1','JOI@gmail.com'),(27,'neil','neil','111111','1988-01-01','0917479129','./images/avatar/avatar27.jpg',1,1,'19961211','0','neil@gmail.com'),(28,'Darren','Darren','111111','1988-01-01','0917479130','./images/avatar/avatar28.jpg',1,1,'19870704','0','Darren@gmail.com'),(29,'Zoe','zoe','111111','1988-01-01','0917479131','./images/avatar/avatar29.jpg',1,1,'20000121','1','zoe@gmail.com'),(30,'Ruby','ruby','111111','1988-01-01','0917479131','./images/avatar/avatar30.jpg',1,1,'19950428','1','ruby@gmail.com');
/*!40000 ALTER TABLE `member` ENABLE KEYS */;
UNLOCK TABLES;

--
-- Table structure for table `product_info`
--

DROP TABLE IF EXISTS `product_info`;
/*!40101 SET @saved_cs_client     = @@character_set_client */;
/*!50503 SET character_set_client = utf8mb4 */;
CREATE TABLE `product_info` (
  `ID` int NOT NULL AUTO_INCREMENT,
  `category` int NOT NULL COMMENT '分類\\\\\\\\\\\\\\\\\\\\\\\\\\\\\\\\\\\\\\\\\\\\\\\\\\\\\\\\\\\\\\\\n',
  `member_ID` int NOT NULL,
  `place` varchar(45) NOT NULL,
  `title` varchar(45) NOT NULL COMMENT '主題',
  `content` varchar(500) NOT NULL COMMENT '\\\\\\\\\\\\\\\\\\\\\\\\\\\\\\\\\\\\\\\\\\\\\\\\\\\\\\\\\\\\\\\\\\\\\\\\\\\\\\\\\\\\\\\\\\\\\\\\\\\\\\\\\\\\\\\\\\\\\\\\\\\\\\\\\\\\\\\\\\\\\\\\\\\\\\\\\\\\\\\\\\\\\\\\\\\\\\\\\\\\\\\\\\\\\\\\\\\\\\\\\\\\\\\\\\\\\\\\\\\\\\\\\\\\\\\\\\\\\\\\\\\\\\\\\\\\\\\\n內容 ',
  `intro_pics` varchar(256) NOT NULL,
  `pic1` varchar(256) NOT NULL,
  `pic2` varchar(256) NOT NULL,
  `pic3` varchar(256) NOT NULL,
  `pic4` varchar(256) NOT NULL,
  `pic5` varchar(256) NOT NULL,
  `link` varchar(45) NOT NULL,
  `total_people` int NOT NULL,
  `event_price` int NOT NULL COMMENT '商品單價',
  `star_num` int NOT NULL COMMENT '星數\\\\\\\\\\\\\\\\\\\\\\\\\\\\\\\\\\\\\\\\\\\\\\\\\\\\\\\\\\\\\\\\\\\\\\\\\\\\\\\\\\\\\\\\\\\\\\\\\\\\\\\\\\\\\\\\\\\\\\\\\\\\\\\\n',
  `comment_count` int NOT NULL COMMENT '評價人數',
  `intro_video` varchar(255) NOT NULL,
  `is_checked` int NOT NULL,
  `reject_reason` varchar(45) DEFAULT NULL COMMENT '退件原因',
  `deleted_at` varchar(45) NOT NULL DEFAULT '',
  PRIMARY KEY (`ID`)
) ENGINE=InnoDB AUTO_INCREMENT=41 DEFAULT CHARSET=utf8mb3 COMMENT='旅程資訊';
/*!40101 SET character_set_client = @saved_cs_client */;

--
-- Dumping data for table `product_info`
--

LOCK TABLES `product_info` WRITE;
/*!40000 ALTER TABLE `product_info` DISABLE KEYS */;
INSERT INTO `product_info` VALUES (1,1,7,'美國','遠走紐約  自由女神朝聖之旅','自由女神，法國送給美國的大禮物，為慶賀美國獨立100周年，1886年正式坐落在紐約港。對美國人而言，她不單單只是一座雕像，一個世界遺產，更是這塊土地的精神領袖，亦是紐約最美麗的地標，一起來一睹她美麗的風采。1886年矗立在此的紐約自由女神，曾是世界最高的雕像。雕像下方的基座設有瞭望台，遊客可以搭乘電梯眺望曼哈頓的景色，和自由女神的內部結構。握著的是美國獨立宣言的自由女神溫柔又剛毅，她是我看過最耐看的雕像，讓人捨不得把眼神移開。','./images/travel_list/1/1/0.jpg','./images/travel_list/1/1/1.jpg','./images/travel_list/1/1/2.jpg','./images/travel_list/1/1/3.jpg','./images/travel_list/1/1/4.jpg','./images/travel_list/1/1/5.jpg','./travel_info.html',10,799,4,1,'',0,'',''),(2,1,7,'美國','飛越世界奇景 尼加拉大瀑布','此生必須一睹大自然最美產物之一：尼加拉大瀑布。尼加拉大瀑布以每秒150,000加侖的流水量傾瀉而下，氣勢滂礡，被譽為世界上最美的天然奇景。此行程將帶你欣賞阿帕拉契山脈和上紐約州的美麗風景，並且遠觀北美廣闊無邊的平地和東岸沿海平原之間的天然群山屏障。緊接著抵達本行程的目的地──尼加拉大瀑布，重頭戲將帶你搭乘直升機，從空中俯瞰瀑布，水流奔騰而下的臨場震撼感，一生一定要體會一次。之後將來到山羊島，換個角度欣賞瀑布宏偉壯觀的全貌。','./images/travel_list/1/2/0.jpg','./images/travel_list/1/2/1.jpg','./images/travel_list/1/2/2.jpg','./images/travel_list/1/2/3.jpg','./images/travel_list/1/2/4.jpg','./images/travel_list/1/2/5.jpg','./travel_info.html',10,599,5,1,'',0,'',''),(3,1,9,'祕魯','登上「馬丘比丘」  一探印加帝國的奇幻美景','馬丘比丘（Machu Picchu）遺跡座落於標高 2400 公尺高山上，北邊與標高 2750 公尺的 Wayna Picchu 相連，南邊連接標高 3050 公尺的 Machu Picchu ，東邊則接標高 3150 公尺的 Yanantin 及 2650 公尺的 Phutukusi ，這讓馬丘比丘（Machu Picchu）遺跡有如天空之城。2007年「馬丘比丘」（Machu Picchu）被選為「新世界七大奇景」後，成為全球遊客「一生必去」的景點之一。不誇張的說，這座傳說中的「天空之城」讓秘魯成為南美洲觀光大國，許多人為了造訪它，不辭千里而來，並帶著心滿意足的笑容離開。','./images/travel_list/1/3/0.jpg','./images/travel_list/1/3/1.jpeg','./images/travel_list/1/3/2.jpg','./images/travel_list/1/3/3.jpg','./images/travel_list/1/3/4.jpg','./images/travel_list/1/3/5.jpg','./travel_info.html',10,499,5,1,'',0,'',''),(4,1,7,'美國','優勝美地國家公園  美國最經典人間仙境','優勝美地國家公園（Yosemite National Park）為美國加州排名第一的自然景點，擁有全世界最美的 U 型冰河谷地形，亦是美西著名的攀岩聖地及露營熱點。由於曾歷經冰河時期， 遂留下眾多讓人驚嘆的特殊花崗岩峭壁景色，並以密集的宏偉壯觀瀑布聞名。無論是巨大紅衫樹林，或是壯麗唯美的瀑布，皆美得令人屏息，且一年四季展現不同的絕美風貌，值得旅人們一訪再訪！優勝美地國家公園保存良好自然生態及動植物，天黑時可能會有黑熊出沒，園內也多在可能有熊隻出沒的地方裝設警示牌和警語，務必留意自身安全，千萬不能在車上留下明顯食物味道或殘渣，避免引來熊隻喔！現在，就出發前往優勝美地吧！','./images/travel_list/1/4/0.jpg','./images/travel_list/1/4/1.jpg','./images/travel_list/1/4/2.jpg','./images/travel_list/1/4/3.jpeg','./images/travel_list/1/4/4.jpg','./images/travel_list/1/4/5.jpg','./travel_info.html',10,699,5,1,'',0,'',''),(5,1,12,'墨西哥','墨西哥亡靈節  溫柔看待死亡、優雅慶祝生命','亡靈節（西班牙文：Día de los Muertos）並非墨西哥版的萬聖節，雖然兩者有些關聯，但相關傳統和氣氛差很多。萬聖節是恐懼和搗蛋的黑暗夜晚；而亡靈節長達兩天，以斑斕的色彩展現對生命的喜悅，以及對死去親人的敬愛。墨西哥各地的人穿上怪裝參加遊行和派對，載歌載舞向亡者獻上祭品。','./images/travel_list/1/5/0.jpg','./images/travel_list/1/5/1.jpg','./images/travel_list/1/5/2.jpg','./images/travel_list/1/5/3.jpg','./images/travel_list/1/5/4.jpg','./images/travel_list/1/5/5.jpg','./travel_info.html',10,499,5,1,'',0,'',''),(6,1,15,'阿根廷','南美巴黎  走訪布宜諾斯艾利斯','這個南美大國以其壯闊的瀑布、雄偉的安地斯山脈、葡萄酒、探戈舞，以及布宜諾斯艾利斯的迷人城市風光而聞名。從迷人的首都城市、到寂靜的殖民城鎮，阿根廷可說是真正的旅遊天堂。這個南美洲的第二大國，擁有豐富多樣的自然風光，包括：白雪皚皚的安地斯山脈、壯闊的瀑布、沙漠，以及綿延不盡的葡萄園和湖泊。','./images/travel_list/1/6/0.jpg','./images/travel_list/1/6/1.jpg','./images/travel_list/1/6/2.jpg','./images/travel_list/1/6/3.jpg','./images/travel_list/1/6/4.jpg','./images/travel_list/1/6/5.jpg','./travel_info.html',10,599,5,1,'',0,'',''),(7,1,19,'加拿大','心醉加拿大東岸  楓葉大道璀璨黃金行','楓葉大道(Maple Road)加拿大最著名的賞楓路線，橫跨安大略省和魁北克省，連結多倫多、蒙特婁、渥太華和魁北克的40號和401號公路。從魁北克的東端開始，沿著聖勞倫斯和曲折蜿蜒的公路向前延伸，直到尼亞加拉，全長約800公里，沿經山丘、湖泊。秋天道路兩旁楓樹轉紅，整個區域都被染成了絢麗色彩。','./images/travel_list/1/7/0.jpg','./images/travel_list/1/7/1.jpg','./images/travel_list/1/7/2.jpg','./images/travel_list/1/7/3.jpg','./images/travel_list/1/7/4.jpg','./images/travel_list/1/7/5.jpg','./travel_info.html',10,599,5,1,'',0,'',''),(8,1,7,'美國','聖塔莫尼卡海灘  感受南加州的夏日海灘風情','Santa Monica聖塔莫尼卡是有名的加州海灘之一，也是著名的洛杉磯景點，這裡遊客非常的多，算是觀光海灘，是洛杉磯最出名的海灘之一。綿延的海岸線有2英里長，人們在這裡玩沙灘排球，沿著海岸線悠閒地騎自行車，享受著海風迎面吹拂而來，或者徜徉在加利福尼亞熱情的陽光下做個慵懶的日光浴。\n','./images/travel_list/1/8/0.jpg','./images/travel_list/1/8/1.jpg','./images/travel_list/1/8/2.jpg','./images/travel_list/1/8/3.jpg','./images/travel_list/1/8/4.jpg','./images/travel_list/1/8/5.jpg','./travel_info.html',10,699,5,1,'',0,'',''),(9,2,17,'英國','造訪Big Ben 大笨鐘  倫敦最具指標性的景觀','「Big Ben 大笨鐘」是英國倫敦最具指標性和最熱門的景觀，聳立在倫敦泰晤士河畔最精華的地段，直到今年2021年剛好歷經也見證了162年的各種風風雨雨，如今不僅是英國尤其倫敦人心中的精神指標，更是到訪倫敦的觀光客最愛拍照打卡的背景之一！','./images/travel_list/2/9/0.jpg','./images/travel_list/2/9/1.jpg','./images/travel_list/2/9/2.jpg','./images/travel_list/2/9/3.jpg','./images/travel_list/2/9/4.jpg','./images/travel_list/2/9/5.jpg','./travel_info.html',10,799,5,1,'',0,'',''),(10,2,2,'法國','走訪巴黎  充滿浪漫文化的迷人城市','羅浮宮座落在巴黎市中心的塞納河畔，是世界最大的美術博物館也是世界最大史蹟之一，裡面收藏多上萬件展品，包含繪畫、雕塑、古代東方、美術工藝等幾大類，知名的《蒙娜麗莎》和《勝利女神》為鎮館之寶，文藝藝術價值極高，館前的玻璃金字塔也是相當知名的巴黎景點，艾菲爾鐵塔就是大家所熟知的巴黎鐵塔，是為了紀念法國大革命100週年和為1889年的巴黎世博會做準備而建造的，現在是整個法國相當具代表性的建築，巴黎真的是一個充滿歷史和文化的地方，這些建築也見證了過去那段輝煌的時光。\n','./images/travel_list/2/10/0.jpg','./images/travel_list/2/10/1.jpg','./images/travel_list/2/10/2.jpg','./images/travel_list/2/10/3.jpg','./images/travel_list/2/10/4.jpg','./images/travel_list/2/10/5.jpg','./travel_info.html',10,699,5,1,'',0,'',''),(11,2,6,'芬蘭','來去芬蘭追極光','芬蘭極光玻璃屋可以躺著看極光及星空入眠。除了極光行程，還可以拜訪芬蘭聖誕老人村，體驗冰釣以及來趟破冰船之旅，準備好就馬上跟著Jumper體驗芬蘭奇幻浪漫之旅吧！','./images/travel_list/2/11/0.jpg','./images/travel_list/2/11/1.jpg','./images/travel_list/2/11/2.jpg','./images/travel_list/2/11/3.jpg','./images/travel_list/2/11/4.jpg','./images/travel_list/2/11/5.jpg','./travel_info.html',10,999,5,1,'',0,'',''),(12,2,1,'義大利','揭開羅馬競技場的神秘面紗','羅馬競技場是古羅馬時期最大的橢圓形博鬥場，建於公元72年至82年間，直到西元404年前都作為古羅馬舉行人獸搏鬥的場地，橢圓形狀的羅馬競技場由一系列三層的環狀拱廊及頂層所組成，每層共有80個拱門，最早以前是角鬥士的競技表演場所，西元六世紀開始，競技場成為一般平民居住的地區，有動物棚舍、打鐵鋪、鞋鋪、石灰作坊等，1794年被列為宗教聖地並對此進行保護，現為義大利著名的旅遊景點及羅馬文明的象徵。','./images/travel_list/2/12/0.jpeg','./images/travel_list/2/12/1.jpeg','./images/travel_list/2/12/2.jpeg','./images/travel_list/2/12/3.jpg','./images/travel_list/2/12/4.jpg','./images/travel_list/2/12/5.jpg','./travel_info.html',10,499,5,1,'',0,'',''),(13,2,4,'希臘','來趟浪漫的地中海之旅  欣賞如童話般美景','聖托里尼最為人知的是懸崖頂端的城鎮，坐落在島嶼的西海岸，看得見壯觀的火山口，也能看見蔚藍的大海，城市由粉刷的立方房屋組合而成，這裡隨手拍照打卡，絕對能羨煞親朋好友，Jumper替您安排好最完美的行程，絕對讓您大飽眼福。','./images/travel_list/2/13/0.jpg','./images/travel_list/2/13/1.jpg','./images/travel_list/2/13/2.jpg','./images/travel_list/2/13/3.jpg','./images/travel_list/2/13/4.jpg','./images/travel_list/2/13/5.jpg','./travel_info.html',10,899,5,1,'',0,'',''),(14,2,14,'西班牙','深度品味伊比利魅力  愛上西班牙的美','Hola！南方的陽光、熱情的招呼、奔放的風格、豐富的歷史、可口的美食，還有什麼國家比西班牙更令人沉醉？趕快來看看西班牙到底有什麼，吸引了無數來自世界各地的旅人！','./images/travel_list/2/14/0.jpg','./images/travel_list/2/14/1.jpg','./images/travel_list/2/14/2.jpg','./images/travel_list/2/14/3.jpg','./images/travel_list/2/14/4.jpg','./images/travel_list/2/14/5.jpg','./travel_info.html',10,499,5,1,'',0,'',''),(15,2,5,'德國','童話世界的城堡  探索新天鵝堡','歐洲，最令人嚮往的，就是那童話般的城堡！德國就是那擁有最多夢幻城堡的國度，共有1萬多座古城堡，其中有些是用作抵禦外敵，有些則是貴族的居所，時至今日，中世紀的古堡已成為世界旅人必訪之地了。說到德國，就想到新天鵝堡，這裡已來德國必朝聖的景點了，新天鵝堡位於巴伐利亞的福森市，共有360個房間，此座城堡擁有者為「路希維德二世」，用盡他一生努力完成此座城堡，城堡內許多日常用品、壁畫等，都裝飾著天鵝形狀，相當富麗堂皇！迪士尼亦使用新天鵝堡為logo的靈感原型喔！','./images/travel_list/2/15/0.jpg','./images/travel_list/2/15/1.jpg','./images/travel_list/2/15/2.jpg','./images/travel_list/2/15/3.jpg','./images/travel_list/2/15/4.jpg','./images/travel_list/2/15/5.jpg','./travel_info.html',10,999,5,1,'',0,'',''),(16,2,14,'瑞士','走訪瑞士人間仙境  格勞邦登州','再沒有其他國家可以像瑞士這樣，在一片小小的區域內集結如此眾多風格各異的地區特色。有的地方令人感受到南方氣候，但是在其他地方還存著蔥郁植物、崎嶇山脈、富有特色文化氛圍等等，多樣的瑞士讓Jumper帶領您來發掘。格勞邦登州，連綿起伏的雄偉山峰之間是壯麗的阿爾卑斯峽谷，河流縱橫交錯，冬季時，無論滑雪、滑雪板、越野滑雪或乘坐馬拉雪橇，格勞邦登州的良好雪况均令一切冬季運動玩意也可以暢順進行。夏季的格勞邦登州擁有絢麗多姿的色彩，清純的藍色是615個湖泊和150座山谷上的天空，濃沃的綠色則是森林和牧場，還有金黃色的秋季落葉叢，灰色的城堡和岩石，白色的滿山冰雪。您可以遊覽白雪皚皚的雄偉山峰並穿越壯觀冰河。或者乾脆坐在綠油油的草地上，盡情欣賞頭頂蔚藍的天空。','./images/travel_list/2/16/0.jpg','./images/travel_list/2/16/1.jpg','./images/travel_list/2/16/2.jpg','./images/travel_list/2/16/3.jpg','./images/travel_list/2/16/4.jpg','./images/travel_list/2/16/5.jpg','./travel_info.html',10,499,5,1,'',0,'',''),(17,3,3,'日本','京都森林浴  一訪伏見稻荷神社','大多數遊客為了千鳥居而造訪伏見稻荷神社，但很少深入了解這座神社的歷史和傳統。跟隨Jumper了解神道教儀式以及如何在京都最古老的神社之一，趕快來進行一趟完美的森林沐浴。','./images/travel_list/3/17/0.jpg','./images/travel_list/3/17/1.jpg','./images/travel_list/3/17/2.jpg','./images/travel_list/3/17/3.jpg','./images/travel_list/3/17/4.jpg','./images/travel_list/3/17/5.jpg','./travel_info.html',10,888,3,1,'https://www.youtube.com/watch?v=z1HxBn01oXk',0,'',''),(18,3,18,'泰國','泰國黃金海岸  欣賞Pattaya的海岸風光\n                      ','泰國Pattaya海灘，是目前少有的安靜海灘。中天海灣長約 1.5 公里的海 岸上，被泰國政府列為全Pattaya最安靜也是最優美的生態環境保護區，是老外集中最多的度假勝地。此處經常是泰國舉辦國際性沙灘排球比賽的首選場地，沿岸區域設有游泳保護區及 1.2 公里的自行車專用車道，由泰國海岸巡邏人員看管，可提供遊客欣賞Pattaya的海岸風光。','./images/travel_list/3/18/0.jpg','./images/travel_list/3/18/1.jpg','./images/travel_list/3/18/2.jpg','./images/travel_list/3/18/3.jpg','./images/travel_list/3/18/4.jpg','./images/travel_list/3/18/5.jpg','./travel_info.html',10,499,5,1,'',0,'',''),(19,3,8,'印尼','馬辰水上市場藝術節  體驗當地水上文化之旅','馬辰是印尼南加里曼丹的首府，錯綜複雜的水道使得這城市有「千河之城」之稱。水道夾雜的城市少不了水上交易，天未亮，河道上便開始出現載滿蔬果的彩色扁舟，戴著斗笠的婦女們划著船兒整齊的排列在岸邊，等待生意上門。小船兒搖又晃的直到傍晚下班時刻，等待著又一批人潮聚集岸邊。','./images/travel_list/3/19/0.jpg','./images/travel_list/3/19/1.jpg','./images/travel_list/3/19/2.jpg','./images/travel_list/3/19/3.jpg','./images/travel_list/3/19/4.jpg','./images/travel_list/3/19/5.jpg','./travel_info.html',10,599,5,1,'',0,'',''),(20,3,10,'中國','居庸關萬里長城  天下第一關不登長城非好漢','漫步在萬里長城的道路上，您可在此感受這項世界偉大工程的莊嚴及雄偉，走過一道悠久歷史的歲月痕跡，體驗不同的北京旅遊；也可順遊紫禁城、香山公園、八大處公園、盧溝橋、頤和園和中華世紀壇等景點，紫禁城是明、清兩代皇宮及擁有眾多珍藏歷史文物的博物館、香山公園是歷代皇帝建立行宮的所在地、八大處公園山光水色的十二景、盧溝橋的歷史人文風情、頤和園是世界著名的皇家園林以及中華世紀壇壯觀盛大的建築等等，留下豐富精彩又令人難以忘懷的北京旅遊回憶吧！','./images/travel_list/3/20/0.jpg','./images/travel_list/3/20/1.jpg','./images/travel_list/3/20/2.jpg','./images/travel_list/3/20/3.jpg','./images/travel_list/3/20/4.jpg','./images/travel_list/3/20/5.jpg','./travel_info.html',10,599,5,1,'',0,'',''),(21,3,12,'柬埔寨','穿梭千年的神話國度  吳哥窟全景一覽','吳哥窟在古文裡意思為城中之寺，由蘇利耶跋摩二世在12世紀初下令建造，最終完成於闍耶跋摩七世統治的年代。這座充滿精緻浮雕、佔地廣大的恢宏寺廟固然是反映當時高棉帝國巔峰，令人難以想像的是，所有石塊皆來自40公里以外的荔枝山上，所用的石頭總量甚至超越吉薩金字塔。除了多層方壇和平地廟宇的迴廊造就建築奇蹟，在藝術成就方面，迴廊內的八幅浮雕最讓人讚嘆，尤其是東翼「攪動乳海」的雕刻繁複精美，為當初印度教和佛教的共存寫下完美的註解。','./images/travel_list/3/21/0.jpeg','./images/travel_list/3/21/1.jpg','./images/travel_list/3/21/2.jpg','./images/travel_list/3/21/3.jpg','./images/travel_list/3/21/4.jpg','./images/travel_list/3/21/5.jpg','./travel_info.html',10,688,5,1,'',0,'',''),(22,3,3,'印度','印度最美的淚珠 泰姬瑪哈陵','泰姬瑪哈陵是一座以白色大理石修築的陵墓，建於西元1631年至1653年，是蒙兀兒王朝沙賈汗皇帝為紀念他的愛妻泰姬瑪哈逝世興建的陵墓。泰姬瑪哈陵不僅是蒙兀兒王朝最完美的建築，其藝術工藝的成就舉世無雙，在世界遺產中的經典傑作。此外，透過融合中亞、印度教、伊斯蘭教、波斯和歐洲等地之許多建築傳統文化特色，泰姬碼哈陵因此具備了足以與全世界交流的普世價值之吸引力。','./images/travel_list/3/22/0.jpeg','./images/travel_list/3/22/1.jpg','./images/travel_list/3/22/2.jpg','./images/travel_list/3/22/3.jpg','./images/travel_list/3/22/4.jpg','./images/travel_list/3/22/5.jpg','./travel_info.html',10,599,5,1,'',0,'',''),(23,3,16,'韓國','向世人展示朝鮮歷史的風采  景福宮','景福宮是朝鮮王朝五大宮闕中規模最大的一座。經過歷史洪流數百年的沖洗，景福宮現為首爾國立民俗博物館和韓國國立古宮博物院的所在地，在韓國的歷史上可是占有舉足輕重的地位。 造訪一次景福宮不僅僅能看到韓國傳統的宮廷建築，也能藉機對韓國的歷史更深入了解。','./images/travel_list/3/23/0.jpg','./images/travel_list/3/23/1.jpg','./images/travel_list/3/23/2.jpg','./images/travel_list/3/23/3.jpg','./images/travel_list/3/23/4.jpg','./images/travel_list/3/23/5.jpg','./travel_info.html',10,999,5,1,'',0,'',''),(24,2,15,'俄羅斯','世界第八奇景  俄羅斯克里姆林宮','克里姆林宮位於俄羅斯首都莫斯科市中央行政區，俄羅斯所有重要歷史與政治事件發生皆在此見證，曾為沙皇的宮邸以及重要的宗教中心，蘇聯解體前，克里姆林宮是蘇聯政府、蘇共中央和社會團體舉行會議的場所，今日則為俄羅斯聯邦政府行政總部所在地，同時是俄羅斯總統駐地，','./images/travel_list/2/24/0.jpg','./images/travel_list/2/24/1.jpg','./images/travel_list/2/24/2.jpg','./images/travel_list/2/24/3.jpg','./images/travel_list/2/24/4.jpg','./images/travel_list/2/24/5.jpg','./travel_info.html',10,599,5,1,'',0,'',''),(25,4,15,'南非','非洲最美之城  南非開普敦','南非開普敦是世界最美的城市之一，除了知名的桌山之外，還有許多美麗的自然景觀，像是世界上最美海景公路之一的查普曼公路、小時候讀書書本上具有歷史意義的好望角、還有唯一生長在非洲的黑腳企鵝等等。','./images/travel_list/4/25/0.jpg','./images/travel_list/4/25/1.jpg','./images/travel_list/4/25/2.jpg','./images/travel_list/4/25/3.jpg','./images/travel_list/4/25/4.jpg','./images/travel_list/4/25/5.jpg','./travel_info.html',10,599,5,1,'',0,'',''),(26,4,17,'馬達加斯加','來一場馬達加斯加奇妙的生態之旅','超過80%的特有物種，遺世獨立的非洲第一大島馬達加斯加，矗立在非洲大陸東南方，島上的典型的熱帶雨林氣候蘊藏著涵蓋地球30％的物種。如果你想在俗稱馬達加斯加落日大道的猴麵包樹林看夕陽，造訪熱帶雨林國家公園，被原始且生動的動植物所包圍的驚奇饗宴。','./images/travel_list/4/26/0.jpg','./images/travel_list/4/26/1.jpg','./images/travel_list/4/26/2.jpg','./images/travel_list/4/26/3.jpg','./images/travel_list/4/26/4.jpg','./images/travel_list/4/26/5.jpg','./travel_info.html',10,699,5,1,'',0,'',''),(27,4,9,'埃及','走訪世界最大沙漠  撒哈拉沙漠','撒哈拉沙漠並不是一個國家，而是北部非洲的大部分都是屬於撒哈拉沙漠，大都些國家例如：阿爾及利亞、利比亞、埃及、尼日爾、茅利塔尼亞等國的大部分領土都屬於撒哈拉沙漠。而有部份也會禁止遊客進入。Jumper將帶領您體驗乘坐駱駝漫步在紅色細砂，也可以體驗睡在帳篷裡度過難忘的一夜，晚上的撒哈拉沙漠夜晚很漂亮，如果不接近滿月的日子，漫天星辰非常震撼。','./images/travel_list/4/27/0.jpg','./images/travel_list/4/27/1.jpg','./images/travel_list/4/27/2.jpg','./images/travel_list/4/27/3.jpg','./images/travel_list/4/27/4.jpg','./images/travel_list/4/27/5.jpg','./travel_info.html',10,599,5,1,'',0,'',''),(28,4,10,'摩洛哥','摩洛哥卡薩布蘭卡 北非的迷情風光和文化遺產','卡薩布蘭卡可以說是摩洛哥最負盛名的城市，一講到這個城市名字，馬上讓人聯想到電影「北非諜影」。除了是摩洛哥最大的城市和主要港口的商業金融中心外，相較於其他城市的繽紛多彩與魔幻迷人。','./images/travel_list/4/28/0.jpg','./images/travel_list/4/28/1.jpg','./images/travel_list/4/28/2.jpg','./images/travel_list/4/28/3.jpg','./images/travel_list/4/28/4.jpg','./images/travel_list/4/28/5.jpg','./travel_info.html',10,888,5,1,'',0,'',''),(29,4,9,'阿拉伯聯合大公國','杜拜  舉世聞名的黃金之城','帆船飯店、棕櫚群島、超跑墳場，無論是哪一個關鍵字，都與「奢華」連結，這就是被稱為「黃金之城」的杜拜。杜拜，一個以漁業及珍珠出口為經濟主體的國家，但在1966年發現石油並獲得開採權，同時也因為石油經濟而致富。在這短短的五十年間，杜拜從傳統的漁村，搖身一變成為全世界最富有的貿易城市之一。杜拜在發展經濟的同時，也大力的推廣觀光產業，每一年都有許多的遊客前往杜拜，享受這個奢華國度的不一樣。','./images/travel_list/4/29/0.jpg','./images/travel_list/4/29/1.jpg','./images/travel_list/4/29/2.jpg','./images/travel_list/4/29/3.jpg','./images/travel_list/4/29/4.jpg','./images/travel_list/4/29/5.jpg','./travel_info.html',10,599,5,1,'',0,'',''),(30,4,1,'法國','法國留尼汪島  穿梭於火山與瀑布之間的探險之旅','留尼汪島是一座位於印度洋西部馬斯克林群島中的火山島，為法國的海外省之一。有小歐洲之稱，是度假勝地，留尼旺最著名的就是火山，目前仍有活火山富爾奈斯經常爆發，而且噴出岩漿往往持續數月之久，為重要觀光景點。','./images/travel_list/2/30/0.jpg','./images/travel_list/2/30/1.jpg','./images/travel_list/2/30/2.jpg','./images/travel_list/2/30/3.jpg','./images/travel_list/2/30/4.jpg','./images/travel_list/2/30/5.jpg','./travel_info.html',10,699,5,1,'',0,'',''),(31,4,4,'坦尚尼亞','塞倫蓋提國家公園  飽覽動物風情之美','無數生命在非洲的原野上生生不息，為了追尋嫩草，每年百萬牛羚及斑馬在大平原上大遷徙，構成幕幕萬馬奔騰的自然奇觀，宏偉地展現大自然的魔力，懾人心魄。','./images/travel_list/4/31/0.jpg','./images/travel_list/4/31/1.jpg','./images/travel_list/4/31/2.jpg','./images/travel_list/4/31/3.jpg','./images/travel_list/4/31/4.jpg','./images/travel_list/4/31/5.jpg','./travel_info.html',10,599,3,1,'https://www.youtube.com/watch?v=z1HxBn01oXk',0,'',''),(32,4,9,'埃及','埃及金字塔  世界上最神祕的三角形','歷代王朝中，以吉薩三大金字塔最經典，亦是世界上唯一僅存的七大奇景。坐臥在吉薩的卡夫拉金字塔旁，考古發現約在西元前2500年完成。接著帶您體驗騎駱駝的樂趣，信步在埃及黃土天地的蒼穹感。','./images/travel_list/4/32/0.jpg','./images/travel_list/4/32/1.jpg','./images/travel_list/4/32/2.jpg','./images/travel_list/4/32/3.jpg','./images/travel_list/4/32/4.jpg','./images/travel_list/4/32/5.jpg','./travel_info.html',10,888,5,1,'',0,'',''),(33,5,7,'美國','陽光與海洋的天堂  威基基海灘','歐胡島是夏威夷面積第三大的島嶼，是大多數夏威夷人居住地，也是首都檀香山、舉世聞名的威基基海灘所在地。檀香山國際機場（HNL），距離威基基海灘約20分鐘車程，大多數旅館和度假村均建在威基基海灘或周圍，歐胡島擁有長達50英哩的美麗海灘，及全世界最棒的衝浪地，是群島裡最繁榮、活力的度假聖地。\n','./images/travel_list/1/33/0.jpg','./images/travel_list/1/33/1.jpg','./images/travel_list/1/33/2.jpg','./images/travel_list/1/33/3.jpg','./images/travel_list/1/33/4.jpg','./images/travel_list/1/33/5.jpg','./travel_info.html',10,699,5,1,'',0,'',''),(34,5,5,'智利','南美洲最神祕的境地  復活節島','這座島有著一股神祕氣息，雖然是玻里尼西亞人最晚發展的一個地方，卻可以在短時間內孕育自己的宗教、語言及文字，歷史上復活節島上的部落居民曾因為人口過多，有資源爭奪的事件發生。島上的摩艾像至今仍然是考古學家抱持許多疑問的一項古物，一直以來有不少關於這些石像成因的推論，像是有一說法是指復活節島居民有著祖先崇拜的觀念，他們相信先人有著神秘力量，所以建造出自己部落裡的酋長或是祭司的巨型石像，這些石像基本上都是面向內陸，背對著海，其寓意代表著這些石像能夠保佑後代子民。','./images/travel_list/1/34/0.jpg','./images/travel_list/1/34/1.jpg','./images/travel_list/1/34/2.jpg','./images/travel_list/1/34/3.jpg','./images/travel_list/1/34/4.jpg','./images/travel_list/1/34/5.jpg','./travel_info.html',10,999,5,1,'',0,'',''),(35,5,19,'薩摩亞','享受四季皆夏的熱帶風情  薩摩亞','終年溫暖宜人的氣候與未受污染的海灘，使得美屬薩摩亞成為靜待遊人探索的天堂。美屬薩摩亞由五座島嶼和兩個環狀珊瑚島組成，擁有熱帶雨林、原始海岸線和驚人的考古遺址。可以造訪當地村落、與海豚一起潛水，或在國家公園浮潛，欣賞 800 多種魚類。讓Jumper跟你一起展開冒險，一切由你做主。','./images/travel_list/5/35/0.jpg','./images/travel_list/5/35/1.jpg','./images/travel_list/5/35/2.jpg','./images/travel_list/5/35/3.jpg','./images/travel_list/5/35/4.jpg','./images/travel_list/5/35/5.jpg','./travel_info.html',10,699,5,1,'',0,'',''),(36,5,12,'澳大利亞','體驗澳大利亞原住民文化之旅','紅土中心地貌奇特，擁有沙漠平原、風化山脈和岩石峽谷，以及澳洲原住民視為最神聖的幾處地點，包括烏魯魯和卡塔丘塔。在內陸水潭中漂浮、在星空下晚餐並欣賞迪吉里杜管音樂、在清晨和黃昏時分靜觀世界上最神秘的巨石變幻色彩—這些都紅土中心能帶給您的澳洲獨有體驗。','./images/travel_list/5/36/0.jpg','./images/travel_list/5/36/1.jpg','./images/travel_list/5/36/2.jpg','./images/travel_list/5/36/3.jpg','./images/travel_list/5/36/4.jpg','./images/travel_list/5/36/5.jpg','./travel_info.html',10,999,5,1,'',0,'',''),(37,5,6,'紐西蘭','大自然的冰與火之歌  紐西蘭南島風光','南島的自然風光甚美，可親眼所見，藍天艷陽清爽晴朗，這種空靈澄澈的純淨簡直美得驚心動魄，恰似人間仙境，紐西蘭的所有峽灣中最簡單而美麗的就是米弗峽灣，這裡最完美地保存了紐西蘭自然景觀的一處峽灣。峽灣的奇特地勢形成於冷冰川時代中，二百萬年前，地球變冷，雪覆蓋地表並變成冰，在峽谷里冰形成冰河，流向大海。當溫暖與寒冷期相交替，相互推拉間雕刻出霞灣巍峨陡峭的山峰，時移世易，冰川逐漸消融，融水順著峭壁傾瀉而下，打破峽灣湖面上如鏡的平靜。來到冰川之巔，觀看大自然之鬼斧神工，盛夏之時，海拔一千多米的高山上卻仍舊白雪皚皚。在白雪之下，是冰川時代留下的厚厚冰層。冰層在陽光的照射下透著淡藍色的光影，透過縫隙，這一抹淡藍和空中的艷陽交相呼應，譜寫了一首與大自然有關的冰與火之歌。','./images/travel_list/5/37/0.jpg','./images/travel_list/5/37/1.jpg','./images/travel_list/5/37/2.jpg','./images/travel_list/5/37/3.jpg','./images/travel_list/5/37/4.jpg','./images/travel_list/5/37/5.jpg','./travel_info.html',10,699,5,1,'',0,'',''),(38,5,12,'澳大利亞','澳洲必遊行程  雪梨歌劇院','縱使沒來過雪梨，都肯定聽說過「雪梨歌劇院（Sydney Opera House）」，這可是來雪梨絕不可錯過的地標等級景點，於1973年落成的帆船形建物，可是20世紀少數列入世界文化遺產的建築呢！一整個就很重量級。\n','./images/travel_list/5/38/0.jpg','./images/travel_list/5/38/1.jpg','./images/travel_list/5/38/2.jpg','./images/travel_list/5/38/3.jpg','./images/travel_list/5/38/4.jpg','./images/travel_list/5/38/5.jpg','./travel_info.html',10,899,3,1,'https://www.youtube.com/watch?v=z1HxBn01oXk',0,'',''),(39,5,12,'澳大利亞','勒格蘭德角國家公園，探索野生動物','澳大利亞能看到袋鼠在沙灘上曬太陽的地方並不多，但在勒格蘭德角國家公園 (Cape Le Grand National Park) ，這只是眾多天然樂趣之一。','./images/travel_list/5/39/0.jpg','./images/travel_list/5/39/1.jpg','./images/travel_list/5/39/2.jpg','./images/travel_list/5/39/3.jpg','./images/travel_list/5/39/4.jpg','./images/travel_list/5/39/5.jpg','./travel_info.html',10,699,5,1,'',0,'',''),(40,5,6,'紐西蘭','來去紐西蘭農場體驗','該體驗從農場現場直播，並將首先介紹新西蘭。由於它是一個生活方式農場，動物在不同的圍場（田地）周圍輪換，但您很有可能會看到母羊（綿羊）、奶牛和雞。','./images/travel_list/5/40/0.jpg','./images/travel_list/5/40/1.jpg','./images/travel_list/5/40/2.jpg','./images/travel_list/5/40/3.jpg','./images/travel_list/5/40/4.jpg','./images/travel_list/5/40/5.jpg','./travel_info.html',10,999,2,1,'https://www.youtube.com/watch?v=z1HxBn01oXk',0,'','');
/*!40000 ALTER TABLE `product_info` ENABLE KEYS */;
UNLOCK TABLES;

--
-- Table structure for table `qa_list`
--

DROP TABLE IF EXISTS `qa_list`;
/*!40101 SET @saved_cs_client     = @@character_set_client */;
/*!50503 SET character_set_client = utf8mb4 */;
CREATE TABLE `qa_list` (
  `ID` int NOT NULL AUTO_INCREMENT,
  `task_ID` int NOT NULL,
  `question` varchar(45) NOT NULL,
  `option1` varchar(45) NOT NULL,
  `option2` varchar(45) NOT NULL,
  `option3` varchar(45) NOT NULL,
  `answer` int NOT NULL,
  PRIMARY KEY (`ID`),
  KEY `FK_QA_LIST_TASK_ID_idx` (`task_ID`),
  CONSTRAINT `FK_QA_LIST_TASK_ID` FOREIGN KEY (`task_ID`) REFERENCES `task` (`ID`)
) ENGINE=InnoDB AUTO_INCREMENT=31 DEFAULT CHARSET=utf8mb3 COMMENT='任務題目';
/*!40101 SET character_set_client = @saved_cs_client */;

--
-- Dumping data for table `qa_list`
--

LOCK TABLES `qa_list` WRITE;
/*!40000 ALTER TABLE `qa_list` DISABLE KEYS */;
INSERT INTO `qa_list` VALUES (1,1,'自由女神像是哪個國家送給美國的禮物?\n','法國','德國','英國',1),(2,1,'請問夏威夷是屬於哪一洲？\n','美洲','大洋洲','澳洲',2),(3,1,'美國國旗共有幾個星星？\n','50','51','52',1),(4,1,'哪一個國家四季都要喝冰水？','墨西哥','美國','希臘',2),(5,1,'請問在美國哪一個食物，一年所消耗的雞肉佔了80億隻雞？\n\n','炸雞','漢堡','雞塊',3),(6,1,'華盛頓和中國哪一任皇帝是同一年去世的?\n','康熙','乾隆','雍正',1),(7,2,'請問哪個國家是世界上肥胖率最高的國家？\n','美國','英國','德國',2),(8,2,'請問哪一個國家光溜溜走在路上是合法的，不需要忌諱做自己?','法國','西班牙 ','葡萄牙',2),(9,2,'下列何者景點不是在歐洲境內?\n','羅浮宮','凱旋門','自由女神像',3),(10,2,'擁有全世界最多的諾貝爾文學獎得主的國家是？\n','義大利','法國','英國',2),(11,2,'在哪個國家說早安，會被認為是很煩的行爲?\n','德國','英國','比利時',2),(12,2,'在法國大革命之後歷經了數任國王，\n在位期間都很短，請問最短在位時間為？\n','20 分鐘','1 天','3 小時',1),(13,3,'日本哪個地方是連小強都『強』不起來的地方？','京都','北海道','函館',2),(14,3,'韓國人的幸運數字是？\n','一','二','三',3),(15,3,'在韓國，祝賀搬新家的禮物是？\n','碗筷','毛巾','捲筒衛生紙',3),(16,3,'在印度，有哪項行為不適合公共場合做，嚴重可能會判公共猥褻罪？\n','親吻','比 ok','剔牙',1),(17,3,'下列城市何者不是在馬來西亞內?\n','東京','吉隆坡','檳城',1),(18,3,'下列何者為印度的世界遺產?','吳哥窟','大堡礁','泰姬瑪哈陵',3),(19,4,'在非洲，吃的人最多的動物是什麼？\n','河馬','獅子','鱷魚',1),(20,4,'世界上雙胞胎最多的地方在哪裡？\n','印度','奈及利亞','美國',2),(21,4,'誰說企鵝只生活在南極，請問下列哪個地方也有企鵝？\n','南非','俄羅斯','南亞',1),(22,4,'下列何者不是在非洲內?\n','埃及','日本','衣索比亞',2),(23,4,'下列何者景點不在非洲境內?\n','艾菲爾鐵塔','埃及金字塔','爾塔阿雷火山',1),(24,4,'電影『獅子王』中，彭彭與丁滿唱的「Hakuna Matata」，他是非洲語的什麼意思呢？\n','不用擔心','明天會更好','活在當下',1),(25,5,'請問澳洲屬於哪一洲？\n','澳洲','大洋洲','亞洲',2),(26,5,'請問澳洲首都是？\n','坎培拉','雪梨','墨爾本',1),(27,5,'下列哪個不在大洋洲內?\n','澳洲','台灣','紐西蘭',2),(28,5,'下列何者不是帛琉的著名景點之一?\n','牛奶湖','水母湖','玫瑰湖',3),(29,5,'在紐西蘭，以下哪一個話題千萬不要拿來開玩笑？\n','電影魔戒','足球','首相',1),(30,5,'在以下哪個國家，牛奶比水還要便宜？\n','紐西蘭','澳洲','印尼',2);
/*!40000 ALTER TABLE `qa_list` ENABLE KEYS */;
UNLOCK TABLES;

--
-- Table structure for table `session`
--

DROP TABLE IF EXISTS `session`;
/*!40101 SET @saved_cs_client     = @@character_set_client */;
/*!50503 SET character_set_client = utf8mb4 */;
CREATE TABLE `session` (
  `ID` int NOT NULL AUTO_INCREMENT,
  `product_info_ID` int NOT NULL,
  `is_group` int NOT NULL COMMENT '包場狀態\\\\\\\\\\\\\\\\\\\\\\\\\\\\\\\\\\\\\\\\\\\\\\\\\\\\\\\\\\\\\\\\n',
  `attendence` int NOT NULL COMMENT '參加人數',
  `vedio_link` varchar(256) NOT NULL,
  `started_at` varchar(25) NOT NULL,
  `ended_at` varchar(25) NOT NULL,
  PRIMARY KEY (`ID`),
  KEY `FK_PRODUCT_SESSION_PRODUCT_INFO_ID_idx` (`product_info_ID`),
  CONSTRAINT `FK_SESSION_PRODUCT_INFO_ID` FOREIGN KEY (`product_info_ID`) REFERENCES `product_info` (`ID`)
) ENGINE=InnoDB AUTO_INCREMENT=251 DEFAULT CHARSET=utf8mb3 COMMENT='旅程場次';
/*!40101 SET character_set_client = @saved_cs_client */;

--
-- Dumping data for table `session`
--

LOCK TABLES `session` WRITE;
/*!40000 ALTER TABLE `session` DISABLE KEYS */;
INSERT INTO `session` VALUES (1,1,0,5,'https://meet.google.com/fxm-isqs-umy','1630375200000','1630378800000'),(2,1,0,3,'https://meet.google.com/fxm-isqs-umy','1630375200000','1630378800000'),(3,2,0,2,'https://meet.google.com/fxm-isqs-umy','1630375200000','1630378800000'),(4,3,0,5,'https://meet.google.com/fxm-isqs-umy','1630375200000','1630378800000'),(5,4,0,3,'https://meet.google.com/fxm-isqs-umy','1630375200000','1630378800000'),(6,1,0,2,'https://meet.google.com/fxm-isqs-umy','1630375200000','1630378800000'),(7,5,0,5,'https://meet.google.com/fxm-isqs-umy','1630375200000','1630378800000'),(8,1,0,3,'https://meet.google.com/fxm-isqs-umy','1629720000000','1629723600000'),(9,2,0,2,'https://meet.google.com/fxm-isqs-umy','1629720000000','1629723600000'),(10,8,0,7,'https://meet.google.com/fxm-isqs-umy','1629720000000','1629723600000'),(11,1,0,1,'https://meet.google.com/fxm-isqs-umy','1629813600000','1629817200000'),(12,2,0,2,'https://meet.google.com/fxm-isqs-umy','1629813600000','1629817200000'),(13,3,0,3,'https://meet.google.com/fxm-isqs-umy','1629813600000','1629817200000'),(14,4,0,1,'https://meet.google.com/fxm-isqs-umy','1629813600000','1629817200000'),(15,5,0,2,'https://meet.google.com/fxm-isqs-umy','1629813600000','1629817200000'),(16,6,0,3,'https://meet.google.com/fxm-isqs-umy','1629813600000','1629817200000'),(17,7,0,1,'https://meet.google.com/fxm-isqs-umy','1629813600000','1629817200000'),(18,8,0,2,'https://meet.google.com/fxm-isqs-umy','1629813600000','1629817200000'),(19,9,0,3,'https://meet.google.com/fxm-isqs-umy','1629813600000','1629817200000'),(20,10,0,3,'https://meet.google.com/fxm-isqs-umy','1629813600000','1629817200000'),(21,11,0,1,'https://meet.google.com/fxm-isqs-umy','1629813600000','1629817200000'),(22,12,0,2,'https://meet.google.com/fxm-isqs-umy','1629813600000','1629817200000'),(23,13,0,3,'https://meet.google.com/fxm-isqs-umy','1629813600000','1629817200000'),(24,14,0,3,'https://meet.google.com/fxm-isqs-umy','1629813600000','1629817200000'),(25,15,0,1,'https://meet.google.com/fxm-isqs-umy','1629813600000','1629817200000'),(26,16,0,2,'https://meet.google.com/fxm-isqs-umy','1629813600000','1629817200000'),(27,17,0,3,'https://meet.google.com/fxm-isqs-umy','1629813600000','1629817200000'),(28,18,0,3,'https://meet.google.com/fxm-isqs-umy','1629813600000','1629817200000'),(29,19,0,1,'https://meet.google.com/fxm-isqs-umy','1629813600000','1629817200000'),(30,20,0,2,'https://meet.google.com/fxm-isqs-umy','1629813600000','1629817200000'),(31,21,0,3,'https://meet.google.com/fxm-isqs-umy','1629813600000','1629817200000'),(32,22,0,3,'https://meet.google.com/fxm-isqs-umy','1629813600000','1629817200000'),(33,23,0,1,'https://meet.google.com/fxm-isqs-umy','1629813600000','1629817200000'),(34,24,0,2,'https://meet.google.com/fxm-isqs-umy','1629813600000','1629817200000'),(35,25,0,3,'https://meet.google.com/fxm-isqs-umy','1629813600000','1629817200000'),(36,26,0,3,'https://meet.google.com/fxm-isqs-umy','1629813600000','1629817200000'),(37,27,0,1,'https://meet.google.com/fxm-isqs-umy','1629813600000','1629817200000'),(38,28,0,2,'https://meet.google.com/fxm-isqs-umy','1629813600000','1629817200000'),(39,29,0,3,'https://meet.google.com/fxm-isqs-umy','1629813600000','1629817200000'),(40,30,0,3,'https://meet.google.com/fxm-isqs-umy','1629813600000','1629817200000'),(41,31,0,1,'https://meet.google.com/fxm-isqs-umy','1629813600000','1629817200000'),(42,32,0,2,'https://meet.google.com/fxm-isqs-umy','1629813600000','1629817200000'),(43,33,0,3,'https://meet.google.com/fxm-isqs-umy','1629813600000','1629817200000'),(44,34,0,3,'https://meet.google.com/fxm-isqs-umy','1629813600000','1629817200000'),(45,35,0,1,'https://meet.google.com/fxm-isqs-umy','1629813600000','1629817200000'),(46,36,0,2,'https://meet.google.com/fxm-isqs-umy','1629813600000','1629817200000'),(47,37,0,3,'https://meet.google.com/fxm-isqs-umy','1629813600000','1629817200000'),(48,38,0,3,'https://meet.google.com/fxm-isqs-umy','1629813600000','1629817200000'),(49,39,0,1,'https://meet.google.com/fxm-isqs-umy','1629813600000','1629817200000'),(50,40,0,2,'https://meet.google.com/fxm-isqs-umy','1629813600000','1629817200000'),(51,1,0,1,'https://meet.google.com/fxm-isqs-umy','1629730800000','1629734400000'),(52,2,0,2,'https://meet.google.com/fxm-isqs-umy','1629730800000','1629734400000'),(53,3,0,3,'https://meet.google.com/fxm-isqs-umy','1629730800000','1629734400000'),(54,4,0,1,'https://meet.google.com/fxm-isqs-umy','1629730800000','1629734400000'),(55,5,0,2,'https://meet.google.com/fxm-isqs-umy','1629730800000','1629734400000'),(56,6,0,3,'https://meet.google.com/fxm-isqs-umy','1629730800000','1629734400000'),(57,7,0,1,'https://meet.google.com/fxm-isqs-umy','1629730800000','1629734400000'),(58,8,0,2,'https://meet.google.com/fxm-isqs-umy','1629730800000','1629734400000'),(59,9,0,3,'https://meet.google.com/fxm-isqs-umy','1629730800000','1629734400000'),(60,10,0,3,'https://meet.google.com/fxm-isqs-umy','1629730800000','1629734400000'),(61,11,0,1,'https://meet.google.com/fxm-isqs-umy','1629730800000','1629734400000'),(62,12,0,2,'https://meet.google.com/fxm-isqs-umy','1629730800000','1629734400000'),(63,13,0,3,'https://meet.google.com/fxm-isqs-umy','1629730800000','1629734400000'),(64,14,0,3,'https://meet.google.com/fxm-isqs-umy','1629730800000','1629734400000'),(65,15,0,1,'https://meet.google.com/fxm-isqs-umy','1629730800000','1629734400000'),(66,16,0,2,'https://meet.google.com/fxm-isqs-umy','1629730800000','1629734400000'),(67,17,0,3,'https://meet.google.com/fxm-isqs-umy','1629730800000','1629734400000'),(68,18,0,3,'https://meet.google.com/fxm-isqs-umy','1629730800000','1629734400000'),(69,19,0,1,'https://meet.google.com/fxm-isqs-umy','1629730800000','1629734400000'),(70,20,0,2,'https://meet.google.com/fxm-isqs-umy','1629730800000','1629734400000'),(71,21,0,3,'https://meet.google.com/fxm-isqs-umy','1629730800000','1629734400000'),(72,22,0,3,'https://meet.google.com/fxm-isqs-umy','1629730800000','1629734400000'),(73,23,0,1,'https://meet.google.com/fxm-isqs-umy','1629730800000','1629734400000'),(74,24,0,2,'https://meet.google.com/fxm-isqs-umy','1629730800000','1629734400000'),(75,25,0,3,'https://meet.google.com/fxm-isqs-umy','1629730800000','1629734400000'),(76,26,0,3,'https://meet.google.com/fxm-isqs-umy','1629730800000','1629734400000'),(77,27,0,1,'https://meet.google.com/fxm-isqs-umy','1629730800000','1629734400000'),(78,28,0,2,'https://meet.google.com/fxm-isqs-umy','1629730800000','1629734400000'),(79,29,0,3,'https://meet.google.com/fxm-isqs-umy','1629730800000','1629734400000'),(80,30,0,3,'https://meet.google.com/fxm-isqs-umy','1629730800000','1629734400000'),(81,31,0,1,'https://meet.google.com/fxm-isqs-umy','1629730800000','1629734400000'),(82,32,0,2,'https://meet.google.com/fxm-isqs-umy','1629730800000','1629734400000'),(83,33,0,3,'https://meet.google.com/fxm-isqs-umy','1629730800000','1629734400000'),(84,34,0,3,'https://meet.google.com/fxm-isqs-umy','1629730800000','1629734400000'),(85,35,0,1,'https://meet.google.com/fxm-isqs-umy','1629730800000','1629734400000'),(86,36,0,2,'https://meet.google.com/fxm-isqs-umy','1629730800000','1629734400000'),(87,37,0,3,'https://meet.google.com/fxm-isqs-umy','1629730800000','1629734400000'),(88,38,0,3,'https://meet.google.com/fxm-isqs-umy','1629730800000','1629734400000'),(89,39,0,1,'https://meet.google.com/fxm-isqs-umy','1629730800000','1629734400000'),(90,40,0,2,'https://meet.google.com/fxm-isqs-umy','1629730800000','1629734400000'),(91,1,0,1,'https://meet.google.com/fxm-isqs-umy','1629727200000','1629730800000'),(92,2,0,2,'https://meet.google.com/fxm-isqs-umy','1629727200000','1629730800000'),(93,3,0,3,'https://meet.google.com/fxm-isqs-umy','1629727200000','1629730800000'),(94,4,0,1,'https://meet.google.com/fxm-isqs-umy','1629727200000','1629730800000'),(95,5,0,2,'https://meet.google.com/fxm-isqs-umy','1629727200000','1629730800000'),(96,6,0,3,'https://meet.google.com/fxm-isqs-umy','1629727200000','1629730800000'),(97,7,0,1,'https://meet.google.com/fxm-isqs-umy','1629727200000','1629730800000'),(98,8,0,2,'https://meet.google.com/fxm-isqs-umy','1629727200000','1629730800000'),(99,9,0,3,'https://meet.google.com/fxm-isqs-umy','1629727200000','1629730800000'),(100,10,0,3,'https://meet.google.com/fxm-isqs-umy','1629727200000','1629730800000'),(101,11,0,1,'https://meet.google.com/fxm-isqs-umy','1629727200000','1629730800000'),(102,12,0,2,'https://meet.google.com/fxm-isqs-umy','1629727200000','1629730800000'),(103,13,0,3,'https://meet.google.com/fxm-isqs-umy','1629727200000','1629730800000'),(104,14,0,3,'https://meet.google.com/fxm-isqs-umy','1629727200000','1629730800000'),(105,15,0,1,'https://meet.google.com/fxm-isqs-umy','1629727200000','1629730800000'),(106,16,0,2,'https://meet.google.com/fxm-isqs-umy','1629727200000','1629730800000'),(107,17,0,3,'https://meet.google.com/fxm-isqs-umy','1629727200000','1629730800000'),(108,18,0,3,'https://meet.google.com/fxm-isqs-umy','1629727200000','1629730800000'),(109,19,0,1,'https://meet.google.com/fxm-isqs-umy','1629727200000','1629730800000'),(110,20,0,2,'https://meet.google.com/fxm-isqs-umy','1629727200000','1629730800000'),(111,21,0,3,'https://meet.google.com/fxm-isqs-umy','1629727200000','1629730800000'),(112,22,0,3,'https://meet.google.com/fxm-isqs-umy','1629727200000','1629730800000'),(113,23,0,1,'https://meet.google.com/fxm-isqs-umy','1629727200000','1629730800000'),(114,24,0,2,'https://meet.google.com/fxm-isqs-umy','1629727200000','1629730800000'),(115,25,0,3,'https://meet.google.com/fxm-isqs-umy','1629727200000','1629730800000'),(116,26,0,3,'https://meet.google.com/fxm-isqs-umy','1629727200000','1629730800000'),(117,27,0,1,'https://meet.google.com/fxm-isqs-umy','1629727200000','1629730800000'),(118,28,0,2,'https://meet.google.com/fxm-isqs-umy','1629727200000','1629730800000'),(119,29,0,3,'https://meet.google.com/fxm-isqs-umy','1629727200000','1629730800000'),(120,30,0,3,'https://meet.google.com/fxm-isqs-umy','1629727200000','1629730800000'),(121,31,0,1,'https://meet.google.com/fxm-isqs-umy','1629727200000','1629730800000'),(122,32,0,2,'https://meet.google.com/fxm-isqs-umy','1629727200000','1629730800000'),(123,33,0,3,'https://meet.google.com/fxm-isqs-umy','1629727200000','1629730800000'),(124,34,0,3,'https://meet.google.com/fxm-isqs-umy','1629727200000','1629730800000'),(125,35,0,1,'https://meet.google.com/fxm-isqs-umy','1629727200000','1629730800000'),(126,36,0,2,'https://meet.google.com/fxm-isqs-umy','1629727200000','1629730800000'),(127,37,0,3,'https://meet.google.com/fxm-isqs-umy','1629727200000','1629730800000'),(128,38,0,3,'https://meet.google.com/fxm-isqs-umy','1629727200000','1629730800000'),(129,39,0,1,'https://meet.google.com/fxm-isqs-umy','1629727200000','1629730800000'),(130,40,0,2,'https://meet.google.com/fxm-isqs-umy','1629727200000','1629730800000'),(131,1,0,1,'https://meet.google.com/fxm-isqs-umy','1636981200000','1636984800000'),(132,2,0,2,'https://meet.google.com/fxm-isqs-umy','1636981200000','1636984800000'),(133,3,0,3,'https://meet.google.com/fxm-isqs-umy','1636981200000','1636984800000'),(134,4,0,1,'https://meet.google.com/fxm-isqs-umy','1636981200000','1636984800000'),(135,5,0,2,'https://meet.google.com/fxm-isqs-umy','1636981200000','1636984800000'),(136,6,0,3,'https://meet.google.com/fxm-isqs-umy','1636981200000','1636984800000'),(137,7,0,1,'https://meet.google.com/fxm-isqs-umy','1636981200000','1636984800000'),(138,8,0,2,'https://meet.google.com/fxm-isqs-umy','1636981200000','1636984800000'),(139,9,0,3,'https://meet.google.com/fxm-isqs-umy','1636981200000','1636984800000'),(140,10,0,3,'https://meet.google.com/fxm-isqs-umy','1636981200000','1636984800000'),(141,11,0,1,'https://meet.google.com/fxm-isqs-umy','1636981200000','1636984800000'),(142,12,0,2,'https://meet.google.com/fxm-isqs-umy','1636981200000','1636984800000'),(143,13,0,3,'https://meet.google.com/fxm-isqs-umy','1636981200000','1636984800000'),(144,14,0,3,'https://meet.google.com/fxm-isqs-umy','1636981200000','1636984800000'),(145,15,0,1,'https://meet.google.com/fxm-isqs-umy','1636981200000','1636984800000'),(146,16,0,2,'https://meet.google.com/fxm-isqs-umy','1636981200000','1636984800000'),(147,17,0,3,'https://meet.google.com/fxm-isqs-umy','1636981200000','1636984800000'),(148,18,0,3,'https://meet.google.com/fxm-isqs-umy','1636981200000','1636984800000'),(149,19,0,1,'https://meet.google.com/fxm-isqs-umy','1636981200000','1636984800000'),(150,20,0,2,'https://meet.google.com/fxm-isqs-umy','1636981200000','1636984800000'),(151,21,0,3,'https://meet.google.com/fxm-isqs-umy','1636981200000','1636984800000'),(152,22,0,3,'https://meet.google.com/fxm-isqs-umy','1636981200000','1636984800000'),(153,23,0,1,'https://meet.google.com/fxm-isqs-umy','1636981200000','1636984800000'),(154,24,0,2,'https://meet.google.com/fxm-isqs-umy','1636981200000','1636984800000'),(155,25,0,3,'https://meet.google.com/fxm-isqs-umy','1636981200000','1636984800000'),(156,26,0,3,'https://meet.google.com/fxm-isqs-umy','1636981200000','1636984800000'),(157,27,0,1,'https://meet.google.com/fxm-isqs-umy','1636981200000','1636984800000'),(158,28,0,2,'https://meet.google.com/fxm-isqs-umy','1636981200000','1636984800000'),(159,29,0,3,'https://meet.google.com/fxm-isqs-umy','1636981200000','1636984800000'),(160,30,0,3,'https://meet.google.com/fxm-isqs-umy','1636981200000','1636984800000'),(161,31,0,1,'https://meet.google.com/fxm-isqs-umy','1636981200000','1636984800000'),(162,32,0,2,'https://meet.google.com/fxm-isqs-umy','1636981200000','1636984800000'),(163,33,0,3,'https://meet.google.com/fxm-isqs-umy','1636981200000','1636984800000'),(164,34,0,3,'https://meet.google.com/fxm-isqs-umy','1636981200000','1636984800000'),(165,35,0,1,'https://meet.google.com/fxm-isqs-umy','1636981200000','1636984800000'),(166,36,0,2,'https://meet.google.com/fxm-isqs-umy','1636981200000','1636984800000'),(167,37,0,3,'https://meet.google.com/fxm-isqs-umy','1636981200000','1636984800000'),(168,38,0,3,'https://meet.google.com/fxm-isqs-umy','1636981200000','1636984800000'),(169,39,0,1,'https://meet.google.com/fxm-isqs-umy','1636981200000','1636984800000'),(170,40,0,2,'https://meet.google.com/fxm-isqs-umy','1636981200000','1636984800000'),(171,1,0,1,'https://meet.google.com/fxm-isqs-umy','1635944400000','1635948000000'),(172,2,0,2,'https://meet.google.com/fxm-isqs-umy','1635944400000','1635948000000'),(173,3,0,3,'https://meet.google.com/fxm-isqs-umy','1635944400000','1635948000000'),(174,4,0,1,'https://meet.google.com/fxm-isqs-umy','1635944400000','1635948000000'),(175,5,0,2,'https://meet.google.com/fxm-isqs-umy','1635944400000','1635948000000'),(176,6,0,3,'https://meet.google.com/fxm-isqs-umy','1635944400000','1635948000000'),(177,7,0,1,'https://meet.google.com/fxm-isqs-umy','1635944400000','1635948000000'),(178,8,0,2,'https://meet.google.com/fxm-isqs-umy','1635944400000','1635948000000'),(179,9,0,3,'https://meet.google.com/fxm-isqs-umy','1635944400000','1635948000000'),(180,10,0,3,'https://meet.google.com/fxm-isqs-umy','1635944400000','1635948000000'),(181,11,0,1,'https://meet.google.com/fxm-isqs-umy','1635944400000','1635948000000'),(182,12,0,2,'https://meet.google.com/fxm-isqs-umy','1635944400000','1635948000000'),(183,13,0,3,'https://meet.google.com/fxm-isqs-umy','1635944400000','1635948000000'),(184,14,0,3,'https://meet.google.com/fxm-isqs-umy','1635944400000','1635948000000'),(185,15,0,1,'https://meet.google.com/fxm-isqs-umy','1635944400000','1635948000000'),(186,16,0,2,'https://meet.google.com/fxm-isqs-umy','1635944400000','1635948000000'),(187,17,0,3,'https://meet.google.com/fxm-isqs-umy','1635944400000','1635948000000'),(188,18,0,3,'https://meet.google.com/fxm-isqs-umy','1635944400000','1635948000000'),(189,19,0,1,'https://meet.google.com/fxm-isqs-umy','1635944400000','1635948000000'),(190,20,0,2,'https://meet.google.com/fxm-isqs-umy','1635944400000','1635948000000'),(191,21,0,3,'https://meet.google.com/fxm-isqs-umy','1635944400000','1635948000000'),(192,22,0,3,'https://meet.google.com/fxm-isqs-umy','1635944400000','1635948000000'),(193,23,0,1,'https://meet.google.com/fxm-isqs-umy','1635944400000','1635948000000'),(194,24,0,2,'https://meet.google.com/fxm-isqs-umy','1635944400000','1635948000000'),(195,25,0,3,'https://meet.google.com/fxm-isqs-umy','1635944400000','1635948000000'),(196,26,0,3,'https://meet.google.com/fxm-isqs-umy','1635944400000','1635948000000'),(197,27,0,1,'https://meet.google.com/fxm-isqs-umy','1635944400000','1635948000000'),(198,28,0,2,'https://meet.google.com/fxm-isqs-umy','1635944400000','1635948000000'),(199,29,0,3,'https://meet.google.com/fxm-isqs-umy','1635944400000','1635948000000'),(200,30,0,3,'https://meet.google.com/fxm-isqs-umy','1635944400000','1635948000000'),(201,31,0,1,'https://meet.google.com/fxm-isqs-umy','1635944400000','1635948000000'),(202,32,0,2,'https://meet.google.com/fxm-isqs-umy','1635944400000','1635948000000'),(203,33,0,3,'https://meet.google.com/fxm-isqs-umy','1635944400000','1635948000000'),(204,34,0,3,'https://meet.google.com/fxm-isqs-umy','1635944400000','1635948000000'),(205,35,0,1,'https://meet.google.com/fxm-isqs-umy','1635944400000','1635948000000'),(206,36,0,2,'https://meet.google.com/fxm-isqs-umy','1635944400000','1635948000000'),(207,37,0,3,'https://meet.google.com/fxm-isqs-umy','1635944400000','1635948000000'),(208,38,0,3,'https://meet.google.com/fxm-isqs-umy','1635944400000','1635948000000'),(209,39,0,1,'https://meet.google.com/fxm-isqs-umy','1635944400000','1635948000000'),(210,40,0,2,'https://meet.google.com/fxm-isqs-umy','1635944400000','1635948000000'),(211,1,0,1,'https://meet.google.com/fxm-isqs-umy','1638064800000','1638068400000'),(212,2,0,2,'https://meet.google.com/fxm-isqs-umy','1638064800000','1638068400000'),(213,3,0,3,'https://meet.google.com/fxm-isqs-umy','1638064800000','1638068400000'),(214,4,0,1,'https://meet.google.com/fxm-isqs-umy','1638064800000','1638068400000'),(215,5,0,2,'https://meet.google.com/fxm-isqs-umy','1638064800000','1638068400000'),(216,6,0,3,'https://meet.google.com/fxm-isqs-umy','1638064800000','1638068400000'),(217,7,0,1,'https://meet.google.com/fxm-isqs-umy','1638064800000','1638068400000'),(218,8,0,2,'https://meet.google.com/fxm-isqs-umy','1638064800000','1638068400000'),(219,9,0,3,'https://meet.google.com/fxm-isqs-umy','1638064800000','1638068400000'),(220,10,0,3,'https://meet.google.com/fxm-isqs-umy','1638064800000','1638068400000'),(221,11,0,1,'https://meet.google.com/fxm-isqs-umy','1638064800000','1638068400000'),(222,12,0,2,'https://meet.google.com/fxm-isqs-umy','1638064800000','1638068400000'),(223,13,0,3,'https://meet.google.com/fxm-isqs-umy','1638064800000','1638068400000'),(224,14,0,3,'https://meet.google.com/fxm-isqs-umy','1638064800000','1638068400000'),(225,15,0,1,'https://meet.google.com/fxm-isqs-umy','1638064800000','1638068400000'),(226,16,0,2,'https://meet.google.com/fxm-isqs-umy','1638064800000','1638068400000'),(227,17,0,3,'https://meet.google.com/fxm-isqs-umy','1638064800000','1638068400000'),(228,18,0,3,'https://meet.google.com/fxm-isqs-umy','1638064800000','1638068400000'),(229,19,0,1,'https://meet.google.com/fxm-isqs-umy','1638064800000','1638068400000'),(230,20,0,2,'https://meet.google.com/fxm-isqs-umy','1638064800000','1638068400000'),(231,21,0,3,'https://meet.google.com/fxm-isqs-umy','1638064800000','1638068400000'),(232,22,0,3,'https://meet.google.com/fxm-isqs-umy','1638064800000','1638068400000'),(233,23,0,1,'https://meet.google.com/fxm-isqs-umy','1638064800000','1638068400000'),(234,24,0,2,'https://meet.google.com/fxm-isqs-umy','1638064800000','1638068400000'),(235,25,0,3,'https://meet.google.com/fxm-isqs-umy','1638064800000','1638068400000'),(236,26,0,3,'https://meet.google.com/fxm-isqs-umy','1638064800000','1638068400000'),(237,27,0,1,'https://meet.google.com/fxm-isqs-umy','1638064800000','1638068400000'),(238,28,0,2,'https://meet.google.com/fxm-isqs-umy','1638064800000','1638068400000'),(239,29,0,3,'https://meet.google.com/fxm-isqs-umy','1638064800000','1638068400000'),(240,30,0,3,'https://meet.google.com/fxm-isqs-umy','1638064800000','1638068400000'),(241,31,0,1,'https://meet.google.com/fxm-isqs-umy','1638064800000','1638068400000'),(242,32,0,2,'https://meet.google.com/fxm-isqs-umy','1638064800000','1638068400000'),(243,33,0,3,'https://meet.google.com/fxm-isqs-umy','1638064800000','1638068400000'),(244,34,0,3,'https://meet.google.com/fxm-isqs-umy','1638064800000','1638068400000'),(245,35,0,1,'https://meet.google.com/fxm-isqs-umy','1638064800000','1638068400000'),(246,36,0,2,'https://meet.google.com/fxm-isqs-umy','1638064800000','1638068400000'),(247,37,0,3,'https://meet.google.com/fxm-isqs-umy','1638064800000','1638068400000'),(248,38,0,3,'https://meet.google.com/fxm-isqs-umy','1638064800000','1638068400000'),(249,39,0,1,'https://meet.google.com/fxm-isqs-umy','1638064800000','1638068400000'),(250,40,0,2,'https://meet.google.com/fxm-isqs-umy','1638064800000','1638068400000');
/*!40000 ALTER TABLE `session` ENABLE KEYS */;
UNLOCK TABLES;

--
-- Table structure for table `task`
--

DROP TABLE IF EXISTS `task`;
/*!40101 SET @saved_cs_client     = @@character_set_client */;
/*!50503 SET character_set_client = utf8mb4 */;
CREATE TABLE `task` (
  `ID` int NOT NULL AUTO_INCREMENT,
  `name` varchar(45) NOT NULL COMMENT '任務名稱',
  `pass_text` varchar(45) NOT NULL COMMENT '達成文字',
  `fall_text` varchar(45) NOT NULL COMMENT '失敗文字',
  PRIMARY KEY (`ID`)
) ENGINE=InnoDB AUTO_INCREMENT=6 DEFAULT CHARSET=utf8mb3;
/*!40101 SET character_set_client = @saved_cs_client */;

--
-- Dumping data for table `task`
--

LOCK TABLES `task` WRITE;
/*!40000 ALTER TABLE `task` DISABLE KEYS */;
INSERT INTO `task` VALUES (1,'美洲旅遊達人','恭喜你成為美洲旅遊達人！','再接再厲'),(2,'歐洲旅遊達人','恭喜你成為歐洲旅遊達人！','再接再厲'),(3,'亞洲旅遊達人','恭喜你成為亞洲旅遊達人！','再接再厲'),(4,'非洲旅遊達人','恭喜你成為非洲旅遊達人！','再接再厲'),(5,'大洋洲旅遊達人','恭喜你成為大洋洲旅遊達人！','再接再厲');
/*!40000 ALTER TABLE `task` ENABLE KEYS */;
UNLOCK TABLES;

--
-- Table structure for table `task_record`
--

DROP TABLE IF EXISTS `task_record`;
/*!40101 SET @saved_cs_client     = @@character_set_client */;
/*!50503 SET character_set_client = utf8mb4 */;
CREATE TABLE `task_record` (
  `ID` int NOT NULL AUTO_INCREMENT,
  `member_ID` int NOT NULL COMMENT '會員ID',
  `task_ID` int NOT NULL,
  PRIMARY KEY (`ID`),
  KEY `FK_TASK_RECORD_MEMBER_ID_idx` (`member_ID`),
  KEY `FK_TASK_RECORD_TASK_ID_idx` (`task_ID`),
  CONSTRAINT `FK_TASK_RECORD_MEMBER_ID` FOREIGN KEY (`member_ID`) REFERENCES `member` (`ID`),
  CONSTRAINT `FK_TASK_RECORD_TASK_ID` FOREIGN KEY (`task_ID`) REFERENCES `task` (`ID`)
) ENGINE=InnoDB AUTO_INCREMENT=10 DEFAULT CHARSET=utf8mb3 COMMENT='任務進度';
/*!40101 SET character_set_client = @saved_cs_client */;

--
-- Dumping data for table `task_record`
--

LOCK TABLES `task_record` WRITE;
/*!40000 ALTER TABLE `task_record` DISABLE KEYS */;
INSERT INTO `task_record` VALUES (1,1,1),(2,1,2),(3,1,3),(4,1,4),(5,1,5),(6,2,1),(7,3,2),(8,2,3),(9,4,1);
/*!40000 ALTER TABLE `task_record` ENABLE KEYS */;
UNLOCK TABLES;

--
-- Table structure for table `trip_order`
--

DROP TABLE IF EXISTS `trip_order`;
/*!40101 SET @saved_cs_client     = @@character_set_client */;
/*!50503 SET character_set_client = utf8mb4 */;
CREATE TABLE `trip_order` (
  `ID` int NOT NULL AUTO_INCREMENT,
  `member_ID` int NOT NULL,
  `session_ID` int NOT NULL,
  `status` int NOT NULL,
  `created_at` varchar(25) NOT NULL,
  `is_mailed` int NOT NULL COMMENT '發信狀態\\\\\\\\\\\\\\\\\\\\\\\\\\\\\\\\\\\\\\\\\\\\\\\\\\\\\\\\\\\\\\\\n',
  `price` int NOT NULL,
  `people` int NOT NULL,
  `is_alerted` int NOT NULL COMMENT '紅點通知',
  `is_clicked` int NOT NULL,
  `is_commented` int NOT NULL DEFAULT '0',
  PRIMARY KEY (`ID`),
  KEY `FK_ORDER_MEMBER_ID_idx` (`member_ID`),
  KEY `FK_ORDER_SESSION_ID_idx` (`session_ID`),
  CONSTRAINT `FK_ORDER_MEMBER_ID` FOREIGN KEY (`member_ID`) REFERENCES `member` (`ID`),
  CONSTRAINT `FK_ORDER_SESSION_ID` FOREIGN KEY (`session_ID`) REFERENCES `session` (`ID`)
) ENGINE=InnoDB AUTO_INCREMENT=8 DEFAULT CHARSET=utf8mb3 COMMENT='旅程訂單';
/*!40101 SET character_set_client = @saved_cs_client */;

--
-- Dumping data for table `trip_order`
--

LOCK TABLES `trip_order` WRITE;
/*!40000 ALTER TABLE `trip_order` DISABLE KEYS */;
INSERT INTO `trip_order` VALUES (1,1,1,1,'1627660800',0,499,1,0,0,0),(2,2,1,1,'1627660800',0,299,1,0,0,0),(3,3,1,1,'1627660800',0,599,2,0,0,0),(4,4,1,1,'1627660800',0,600,1,0,0,0),(5,5,1,1,'1627660800',0,499,1,0,0,0),(6,6,1,1,'1627660800',0,499,1,0,0,0),(7,7,1,1,'1627660800',0,499,1,0,0,0);
/*!40000 ALTER TABLE `trip_order` ENABLE KEYS */;
UNLOCK TABLES;
/*!40103 SET TIME_ZONE=@OLD_TIME_ZONE */;

/*!40101 SET SQL_MODE=@OLD_SQL_MODE */;
/*!40014 SET FOREIGN_KEY_CHECKS=@OLD_FOREIGN_KEY_CHECKS */;
/*!40014 SET UNIQUE_CHECKS=@OLD_UNIQUE_CHECKS */;
/*!40101 SET CHARACTER_SET_CLIENT=@OLD_CHARACTER_SET_CLIENT */;
/*!40101 SET CHARACTER_SET_RESULTS=@OLD_CHARACTER_SET_RESULTS */;
/*!40101 SET COLLATION_CONNECTION=@OLD_COLLATION_CONNECTION */;
/*!40111 SET SQL_NOTES=@OLD_SQL_NOTES */;

-- Dump completed on 2021-08-21 13:58:18
